State,District,murder_with_rape,dowry_deaths,suicide,miscarriage,acid_attack,attempt_acid_attack,cruelty_husbandfamily,kidnap,kidnap_murder,kidnap_ransom,kidnap_miscarriage,procuration_minor,procuration_foreign_girls,kidnap_others,trafficking,sell_minor,buy_minor,rape,attmpt_rape,modesty_attack,insult_modesty,dowry,prostitution,detain_pros,vicinity_pros,soliciting_pros,pros_other,domestic_violence,publish_obscene,cybercrime,child_rape,child_assault,sexual_harassment,child_porn,POCSO1,POCSO2,indecency
Andaman n Nicobar Islands,Nicobar,0,0,0,0,0,0,0,0,0,0,0,0,0,0,0,0,0,0,0,1,1,0,0,0,0,0,0,0,0,0,25,1,0,0,0,0,0
Andaman n Nicobar Islands,North & Middle Andaman,0,0,0,0,0,0,0,0,0,0,0,0,0,0,0,0,0,1,0,3,1,0,0,0,0,0,0,0,1,0,42,4,0,1,0,0,0
Andaman n Nicobar Islands,South Andaman,0,0,1,0,0,0,2,0,0,0,0,0,0,1,1,0,0,1,1,11,1,0,0,0,0,0,0,0,0,0,37,3,2,0,1,0,0
Andhra Pradesh,Anantapur,1,17,48,0,0,0,437,4,0,0,17,23,0,0,3,0,0,69,32,418,26,0,0,0,0,0,0,0,0,1,30,3,0,0,0,0,0
Andhra Pradesh,Chittoor,0,14,32,0,0,0,335,0,0,0,6,2,0,5,0,0,0,38,9,183,12,0,0,0,0,0,4,0,0,1,1,3,2,0,0,0,0
Andhra Pradesh,East Godavari,0,7,26,0,0,0,405,31,0,1,10,2,0,4,0,0,0,111,10,463,63,2,0,0,0,0,0,0,2,0,43,4,8,0,7,0,0
Andhra Pradesh,Guntur,0,3,28,0,0,1,614,44,0,0,10,5,0,0,2,0,0,90,12,338,262,0,0,0,0,0,4,0,0,2,0,0,0,0,0,0,0
Andhra Pradesh,Krishna,0,8,25,0,0,0,617,102,0,0,5,0,0,0,0,0,0,79,14,341,242,0,0,0,0,0,0,0,0,0,0,0,0,0,3,0,0
Andhra Pradesh,Kurnool,0,5,44,8,0,0,222,0,0,0,9,9,0,7,0,0,0,41,8,426,471,407,0,0,0,0,9,0,0,0,10,8,5,0,1,0,0
Andhra Pradesh,Prakasham,1,10,26,0,2,0,463,4,0,0,1,0,0,1,3,0,0,31,12,280,431,0,0,0,0,0,1,0,2,0,66,19,37,0,0,0,0
Andhra Pradesh,Srikakulam,0,3,16,0,0,0,153,6,0,0,6,0,0,2,0,0,0,61,0,146,64,0,0,0,0,0,0,0,0,0,0,0,0,0,0,0,0
Andhra Pradesh,Visakhapatnam,0,5,12,0,1,0,423,21,0,0,0,0,0,2,8,0,0,124,2,288,104,1,0,0,0,0,1,0,1,21,16,2,3,0,0,0,0
Andhra Pradesh,Vizianagaram,0,1,5,0,0,0,231,24,0,0,2,0,0,0,1,0,0,73,3,178,81,2,0,0,0,0,0,0,3,0,27,1,3,0,0,0,0
Andhra Pradesh,West Godavari,0,6,19,0,0,0,644,15,0,0,11,1,0,18,7,0,0,76,12,457,108,1,0,0,3,0,6,0,0,0,20,0,0,0,0,0,0
Arunachal Pradesh,Anjaw,0,0,0,0,0,0,0,0,0,0,0,0,0,0,0,0,0,0,0,0,0,0,0,0,0,0,0,0,0,0,0,0,0,0,0,0,0
Arunachal Pradesh,Changlang,0,0,0,0,0,0,3,0,0,0,0,0,0,1,0,0,0,8,0,3,0,0,0,0,0,0,0,0,0,0,0,0,0,0,0,0,0
Arunachal Pradesh,Dibang Valley,0,0,0,0,0,0,0,0,0,0,0,0,0,0,0,0,0,0,0,3,0,0,0,0,0,0,0,0,0,0,0,0,0,0,0,0,0
Arunachal Pradesh,Kameng East,0,0,0,0,0,0,0,0,0,0,0,0,0,0,0,0,0,2,0,2,0,0,0,0,0,0,0,0,0,0,2,0,0,0,0,0,0
Arunachal Pradesh,Kameng West,0,0,0,0,0,0,1,1,0,0,1,0,0,0,0,0,0,5,0,1,0,0,0,0,0,0,0,0,0,0,0,0,0,0,0,0,0
Arunachal Pradesh,Kurung Kumey,0,0,0,0,0,0,2,0,0,0,0,0,0,0,0,0,0,2,0,0,0,0,0,0,0,0,0,0,0,0,2,0,0,0,0,0,0
Arunachal Pradesh,Lohit,0,0,0,0,0,0,3,1,0,0,2,0,0,0,0,0,0,3,0,5,0,0,0,0,0,0,0,0,0,0,0,0,0,0,0,0,0
Arunachal Pradesh,Lower Dibang Valley,0,0,0,0,0,0,1,0,0,0,0,0,0,0,0,0,0,2,0,2,0,0,0,0,0,0,0,0,0,0,0,0,0,0,0,0,0
Arunachal Pradesh,Papum Pare ,0,0,0,0,0,0,33,29,0,0,0,0,0,3,1,0,0,15,0,15,2,0,0,0,0,0,0,0,0,0,10,6,0,0,0,0,0
Arunachal Pradesh,Siang East,0,0,1,0,0,0,9,1,0,0,1,0,0,0,0,0,0,9,0,12,0,0,0,0,0,0,0,0,0,0,0,0,0,0,0,0,0
Arunachal Pradesh,Siang Upper,0,0,0,0,0,0,0,0,0,0,0,0,0,0,0,0,0,0,1,0,0,0,0,0,0,0,0,0,0,0,1,0,0,0,0,0,0
Arunachal Pradesh,Siang West,0,0,0,0,0,0,3,2,0,0,1,0,0,0,0,0,0,3,1,6,0,0,0,0,0,0,0,0,0,0,0,0,0,1,0,0,0
Arunachal Pradesh,Subansiri Lower,0,0,0,0,0,0,1,0,0,0,0,0,0,0,0,0,0,0,0,1,0,0,0,0,0,0,0,0,0,0,0,0,0,0,0,0,0
Arunachal Pradesh,Subansiri Upper,0,0,0,0,0,0,5,0,0,0,0,0,0,0,0,0,0,4,0,5,0,0,0,0,0,0,0,0,0,0,0,2,0,0,0,0,0
Arunachal Pradesh,Tawang,0,0,0,0,0,0,0,0,0,0,0,0,0,0,0,0,0,0,0,0,0,0,0,0,0,0,0,0,0,0,0,0,0,0,0,0,0
Arunachal Pradesh,Tirap,0,0,0,0,0,0,0,0,0,0,0,0,0,0,0,0,0,1,0,4,0,0,0,0,0,0,0,0,0,0,0,0,0,0,0,0,0
Assam,Baksa,0,6,0,0,0,0,128,0,0,0,56,72,0,4,1,0,0,35,6,86,0,12,0,0,0,0,0,0,1,0,21,6,1,0,0,0,0
Assam,Barpeta,0,12,1,0,0,0,882,200,0,0,154,100,0,0,10,0,0,129,78,627,0,0,0,0,0,0,3,0,0,0,71,24,5,0,0,0,0
Assam,Bongaigaon,3,7,0,0,0,0,342,4,0,0,98,74,0,0,3,0,0,46,25,109,0,0,0,0,0,0,0,0,0,0,36,21,9,0,0,0,0
Assam,Cachar,0,9,0,0,0,0,550,0,0,0,84,203,0,0,0,0,0,57,0,56,1,47,0,0,0,0,0,0,0,0,31,0,0,0,0,0,0
Assam,Chirang,0,2,0,0,0,0,91,0,0,0,93,2,0,0,0,0,0,20,7,41,0,3,0,0,0,0,0,0,0,0,43,0,0,0,0,0,0
Assam,Darrang,0,6,0,0,0,0,415,13,0,0,167,19,0,20,2,0,0,89,8,290,0,9,0,0,0,0,1,0,60,0,26,24,24,0,0,0,0
Assam,Dhemaji,0,3,10,0,0,0,186,6,0,0,24,3,0,7,0,0,0,24,6,121,2,7,1,0,0,0,0,0,1,0,24,6,0,0,0,0,0
Assam,Dhubri,0,9,0,0,1,1,976,19,1,5,98,73,0,145,8,1,0,111,81,712,5,11,0,0,0,0,1,0,0,0,69,28,10,0,0,0,0
Assam,Dibrugarh,0,3,0,0,0,0,379,21,0,0,165,24,0,5,0,0,0,22,0,78,0,65,0,0,0,0,0,0,5,0,55,6,11,2,0,0,0
Assam,Dima Hasao,0,0,0,0,0,0,13,6,0,0,6,0,0,0,0,0,0,2,0,2,0,0,0,0,0,0,0,0,5,0,10,0,0,0,0,0,0
Assam,Goalpara,0,2,0,0,0,0,300,0,0,0,96,58,0,0,2,0,0,33,27,79,0,0,0,0,0,0,0,0,0,0,35,0,0,0,0,0,0
Assam,Golaghat,0,0,0,0,0,0,332,23,0,1,130,4,0,53,1,0,0,31,7,44,0,8,0,0,0,0,0,0,1,0,26,4,0,0,0,0,0
Assam,Hailakandi,0,3,0,0,0,0,291,0,0,0,33,34,0,0,0,0,0,92,24,139,2,8,0,0,0,0,0,0,0,0,17,13,5,0,0,0,0
Assam,Jorhat,0,3,0,0,0,0,596,20,0,0,246,7,0,0,0,0,0,47,19,158,0,0,0,0,0,0,0,0,0,0,22,12,0,0,0,0,0
Assam,Kamrup,18,20,7,0,0,0,409,56,0,0,137,0,0,130,0,0,0,94,0,530,25,37,0,0,0,0,0,0,10,0,63,18,6,0,0,0,0
Assam,Karbi Anglong,4,0,0,0,0,0,72,29,0,2,56,0,0,4,0,0,0,16,0,25,0,0,0,0,0,0,0,0,9,7,15,4,0,0,0,0,0
Assam,Karimganj,0,2,3,25,1,1,289,0,0,0,57,4,0,0,0,0,0,59,23,70,2,0,2,0,0,0,0,0,1,0,10,4,2,0,0,0,0
Assam,Kokrajhar,0,7,0,0,0,0,154,0,0,0,83,7,0,0,5,0,0,27,0,74,0,0,0,0,0,0,0,0,0,0,43,0,0,0,0,0,0
Assam,Lakhimpur,0,3,1,0,1,0,347,10,0,0,99,63,0,23,0,0,0,50,15,123,5,131,0,0,0,0,2,0,0,2,54,13,20,0,0,0,0
Assam,Morigaon,0,9,0,0,0,0,497,150,0,0,129,0,0,0,1,0,0,222,35,168,0,0,0,0,0,0,0,0,0,0,38,20,0,0,0,0,0
Assam,Nagaon,0,5,0,0,0,0,863,73,1,4,211,73,0,28,3,0,0,77,37,136,0,67,0,0,0,0,1,0,0,0,105,0,0,0,0,0,0
Assam,Nalbari,0,2,0,0,1,0,281,23,0,0,49,0,0,7,1,0,0,49,0,102,23,7,0,0,0,0,0,0,27,0,28,23,4,0,0,0,0
Assam,Sonitpur,0,0,0,0,0,0,454,40,0,0,0,0,0,0,17,0,0,41,0,23,0,4,0,0,0,0,2,0,0,0,10,15,0,0,0,0,0
Assam,Tinsukia,0,4,12,0,0,0,250,0,0,0,98,51,0,0,0,0,0,30,13,104,2,0,0,0,0,0,0,0,5,0,38,18,0,1,0,0,0
Assam,Udalguri,0,4,0,0,0,0,101,15,0,0,79,9,0,0,2,0,0,29,3,34,0,0,0,0,0,0,0,0,0,0,12,12,3,0,0,0,0
Bihar,Araria,0,18,0,0,0,0,55,20,0,0,119,0,0,20,0,0,0,38,0,5,0,82,0,0,0,0,0,0,0,0,25,6,0,0,0,0,0
Bihar,Arwal,0,9,0,0,0,0,8,5,0,0,27,0,0,0,0,0,0,2,0,11,0,13,0,0,0,0,0,0,0,0,2,6,0,0,0,0,0
Bihar,Aurangabad,0,25,0,0,0,0,39,0,0,0,92,0,0,0,0,0,0,11,0,7,0,22,0,0,0,0,0,0,0,0,10,18,9,0,0,0,0
Bihar,Banka,0,19,0,0,0,0,19,2,0,0,83,0,0,0,0,0,0,21,0,23,0,52,0,0,0,0,0,0,0,0,14,5,0,0,1,1,0
Bihar,Begusarai,0,28,0,0,0,0,0,12,2,0,92,0,0,16,0,0,0,26,0,4,0,44,3,0,0,0,0,23,0,4,4,3,4,3,0,0,0
Bihar,Bhagalpur,0,17,0,0,0,0,46,10,2,0,203,0,0,39,0,0,0,42,2,11,0,102,3,0,0,0,0,0,2,0,22,25,0,0,0,0,0
Bihar,Bhojpur,0,34,0,0,0,0,94,10,1,0,89,0,0,67,0,0,0,10,2,42,0,137,0,0,0,0,0,0,0,2,15,26,4,5,0,0,0
Bihar,Buxar,0,13,0,0,0,0,53,12,0,0,66,0,0,29,0,0,0,17,0,3,0,60,0,0,0,0,0,0,0,0,15,12,11,0,0,0,0
Bihar,Darbhanga,0,20,0,0,0,0,80,36,0,0,161,0,0,15,0,0,0,23,0,112,0,49,0,0,0,0,0,0,0,0,24,12,5,0,0,0,0
Bihar,Gaya,0,42,0,0,1,0,108,16,0,0,202,0,0,48,0,0,0,56,0,10,0,86,0,2,0,0,0,0,0,0,25,34,22,0,0,0,0
Bihar,Gopalganj,1,30,0,0,0,0,27,14,0,0,136,0,0,16,0,0,0,9,0,0,0,56,0,0,0,0,0,0,0,0,3,8,0,0,0,0,0
Bihar,Jamui,0,15,0,0,0,0,15,6,1,0,45,0,0,24,0,0,0,17,1,15,0,45,0,0,0,0,0,0,0,0,19,0,2,0,3,0,0
Bihar,Katihar,1,15,1,0,0,0,51,0,0,0,151,0,0,10,1,0,0,50,2,7,0,117,0,0,0,0,0,0,0,0,23,28,0,0,0,0,0
Bihar,Khagaria,0,11,0,0,0,0,19,0,0,0,96,0,0,0,0,0,0,5,3,0,5,33,0,0,0,0,0,0,0,0,3,7,13,0,0,0,0
Bihar,Kishanganj,0,11,11,1,0,0,34,5,0,0,54,0,0,8,0,0,0,27,1,0,1,73,3,2,0,0,0,0,0,0,16,8,3,1,0,0,0
Bihar,Lakhisarai,0,8,2,0,0,0,20,0,0,0,64,0,0,0,0,0,0,6,0,7,0,15,0,0,0,0,0,0,0,0,9,15,0,0,0,0,0
Bihar,Madhepura,0,11,0,0,0,0,18,21,0,0,78,0,0,0,0,0,0,11,5,1,0,37,0,0,0,0,0,0,0,0,20,10,4,0,0,0,0
Bihar,Madhubani,0,30,0,0,0,0,67,18,0,0,157,0,0,20,0,0,0,31,0,2,0,140,0,0,0,0,0,0,0,0,7,13,18,0,0,0,0
Bihar,Munger,1,11,0,0,0,0,22,23,4,0,55,0,0,1,0,0,0,14,7,7,0,50,0,0,0,0,0,0,0,0,6,4,0,44,0,0,0
Bihar,Muzaffarpur,0,47,0,0,0,0,130,35,0,0,378,0,0,26,0,0,0,39,0,8,0,51,0,1,0,0,0,0,0,0,23,32,6,0,0,0,0
Bihar,Nalanda,0,52,0,0,0,0,82,66,0,0,210,0,0,0,0,0,0,28,0,29,0,133,0,0,0,0,0,0,0,0,30,19,0,20,0,0,0
Bihar,Patna,0,86,0,0,0,0,242,57,0,0,672,0,0,24,0,0,0,69,21,38,0,230,0,9,0,0,0,0,0,0,14,45,68,0,0,0,0
Bihar,Rohtas,0,25,0,0,0,0,53,5,0,0,124,0,0,12,0,0,0,18,0,15,0,52,0,4,0,0,0,0,0,0,15,24,1,0,0,0,0
Bihar,Saharsa,0,14,0,0,0,0,15,0,0,0,83,0,0,0,2,0,0,10,0,3,0,26,0,0,0,0,0,0,0,0,3,3,0,0,0,0,0
Bihar,Samastipur,0,40,6,0,0,0,32,0,0,0,198,0,0,0,0,0,0,21,0,32,0,54,0,0,0,0,0,0,0,0,25,14,2,0,0,0,0
Bihar,Saran,0,76,0,0,0,0,97,25,0,0,233,0,0,60,0,0,0,20,0,54,0,125,0,0,0,0,2,0,0,0,14,22,8,0,0,0,0
Bihar,Sheikhpura,0,4,0,0,0,0,11,4,0,0,10,0,0,3,0,0,0,1,0,23,0,26,0,0,0,0,0,0,0,0,6,23,0,0,0,0,0
Bihar,Sheohar,0,5,0,0,0,0,9,4,0,0,40,0,0,0,0,0,0,2,0,4,0,22,0,0,0,0,0,0,0,0,4,2,0,0,0,0,0
Bihar,Sitamarhi,0,26,0,0,0,0,53,26,0,0,205,0,0,44,0,1,0,35,0,4,0,67,0,0,0,0,0,0,0,0,22,13,0,0,0,0,0
Bihar,Siwan,0,33,0,0,0,0,20,25,0,0,121,0,0,30,0,0,0,8,0,2,0,54,0,0,0,0,0,0,0,0,19,16,0,0,0,0,0
Bihar,Supaul,0,16,0,0,0,0,30,0,0,0,107,0,0,0,0,0,0,6,0,0,0,58,0,0,0,0,0,0,0,0,19,13,0,0,0,0,0
Bihar,Vaishali,0,63,0,0,0,0,56,44,0,0,285,0,0,0,8,0,0,22,11,16,0,76,0,0,0,0,0,0,0,0,11,9,3,2,0,0,0
Chandigarh,Chandigarh,0,1,1,0,1,0,96,71,0,0,19,0,0,0,2,0,0,60,3,42,4,0,0,0,0,0,0,0,1,0,0,0,0,0,0,0,0
Chhattisgarh,Balrampur,2,3,12,0,0,0,15,51,0,0,0,0,0,0,3,0,0,96,0,56,0,0,0,0,0,0,0,0,0,0,59,19,0,0,0,0,0
Chhattisgarh,Bilaspur,0,12,2,0,0,0,72,0,0,0,193,0,0,0,3,0,0,88,106,117,28,0,0,0,0,0,0,0,0,0,55,44,0,0,0,0,0
Chhattisgarh,Durg,0,2,13,0,0,0,99,139,0,0,2,0,0,0,0,0,0,63,3,133,24,0,0,0,0,0,1,0,5,0,78,49,0,0,0,0,0
Chhattisgarh,Janjgir,0,5,9,0,0,0,33,105,0,0,4,0,0,0,0,0,0,35,0,102,13,0,0,0,0,0,0,0,0,0,102,40,3,0,0,0,0
Chhattisgarh,Kabirdham,0,0,6,0,1,0,22,44,0,1,3,0,0,1,0,0,0,25,1,51,4,0,0,0,0,0,0,0,0,0,36,22,0,0,0,0,0
Chhattisgarh,Koriya,2,2,7,0,0,0,28,50,0,0,5,0,0,0,0,0,0,70,0,57,5,0,0,0,0,0,0,0,0,0,40,20,0,0,0,0,0
Chhattisgarh,Mahasamund,0,3,7,0,0,0,8,45,0,0,0,0,0,0,0,0,0,47,0,31,8,0,0,0,0,0,0,0,0,0,45,9,0,0,0,0,0
Chhattisgarh,Narayanpur,0,0,1,0,0,0,2,5,0,0,0,0,0,0,4,0,0,7,0,6,0,0,0,0,0,0,0,0,0,0,27,2,0,0,0,0,0
Chhattisgarh,Raigarh,1,6,0,0,0,0,54,0,0,0,0,0,0,0,1,0,0,161,0,112,22,1,0,0,0,0,0,0,0,0,100,24,0,0,0,0,0
Chhattisgarh,Raipur,0,7,14,0,0,0,70,208,0,0,0,0,0,0,0,0,0,103,0,116,37,3,0,0,0,0,0,0,20,0,159,67,3,0,0,0,0
Chhattisgarh,Rajnandgaon,0,7,0,0,0,0,36,0,0,1,2,0,0,0,1,0,0,41,2,113,15,0,0,0,0,0,0,0,0,0,61,0,0,0,0,0,0
Daman,Daman,0,1,0,0,0,0,2,0,0,0,0,0,0,0,1,0,0,2,0,2,1,0,0,0,0,0,0,0,0,0,9,1,0,0,0,0,0
Delhi,Central,0,6,1,0,0,0,85,111,0,0,0,0,0,4,0,0,0,75,1,115,32,0,0,0,0,0,0,0,0,0,29,21,0,0,0,0,0
Delhi,East,0,7,4,0,0,0,172,136,0,0,0,0,0,15,0,0,0,70,0,146,29,0,0,0,0,0,1,0,0,0,34,24,0,0,0,2,0
Delhi,New Delhi,0,0,1,0,1,0,5,9,0,0,0,0,0,3,0,0,0,12,0,40,5,0,0,0,0,0,0,0,0,0,7,4,0,1,0,0,0
Delhi,North,0,2,0,0,0,0,132,109,0,0,0,0,0,41,0,0,0,47,0,74,10,0,0,0,0,0,0,2,0,0,27,14,0,0,0,1,0
Delhi,South,0,11,2,1,0,0,148,176,0,0,0,0,0,7,1,0,0,74,4,136,13,0,0,0,0,0,0,0,1,0,44,20,1,0,0,0,0
Delhi,West,1,8,2,0,1,1,250,189,0,0,1,0,0,27,0,0,0,56,0,101,44,1,0,0,0,0,0,0,0,0,57,19,3,0,0,0,0
Diu,Diu,0,0,0,0,0,0,1,0,0,0,0,0,0,0,0,0,0,1,0,2,1,0,0,0,0,0,0,0,0,0,1,0,0,0,0,0,0
Goa,North Goa,1,0,0,0,0,0,2,13,0,0,0,0,0,7,5,0,0,36,0,34,20,0,0,0,0,0,0,0,0,0,0,0,0,0,0,0,0
Goa,South Goa,0,0,0,0,0,0,6,10,0,0,0,0,0,1,5,0,0,23,0,28,15,0,0,0,0,0,0,0,0,0,0,0,0,0,0,0,0
Gujarat,Ahmedabad ,1,0,51,0,0,4,870,55,0,1,2,0,0,7,1,0,0,83,0,187,1,0,0,1,10,6,0,0,2,1,254,59,44,0,8,0,0
Gujarat,Amreli,0,1,3,0,0,0,105,1,0,0,16,0,0,0,0,0,0,13,0,27,2,0,0,0,0,0,0,0,0,0,64,3,0,0,0,0,0
Gujarat,Anand,1,0,5,0,0,0,66,1,0,0,0,0,0,0,0,0,0,14,1,26,1,0,0,0,0,0,0,0,1,0,42,2,0,0,46,0,0
Gujarat,Banaskantha,1,0,0,0,0,0,197,47,0,0,3,0,0,0,0,0,0,29,0,44,0,0,0,3,0,0,0,0,0,0,29,9,0,0,0,0,0
Gujarat,Bharuch,0,1,7,0,0,0,58,3,0,0,0,0,0,2,0,0,0,8,0,23,0,0,0,0,0,0,0,0,0,0,71,1,19,0,0,0,0
Gujarat,Bhavnagar,0,0,10,0,0,0,151,1,0,0,5,0,0,0,0,0,0,16,0,29,0,0,0,0,0,0,0,0,2,1,73,10,0,0,8,0,0
Gujarat,Dahod,0,0,12,0,0,0,37,3,0,0,43,0,0,0,0,0,0,19,0,9,1,0,0,0,0,0,0,0,0,0,87,7,0,0,0,0,0
Gujarat,Dang,0,0,2,0,0,0,2,0,0,0,0,0,0,0,0,0,0,2,0,4,0,0,0,0,0,0,0,0,0,0,1,0,0,0,0,0,0
Gujarat,Gandhinagar,0,0,14,0,0,0,81,6,0,0,1,0,0,0,1,0,0,5,0,15,1,0,0,0,0,0,0,0,0,0,60,0,1,0,4,0,0
Gujarat,Jamnagar,0,1,7,0,0,0,39,0,0,0,25,0,0,1,0,0,0,12,0,9,0,0,0,2,0,0,0,0,0,0,37,3,0,0,1,0,0
Gujarat,Junagadh,0,0,4,0,0,0,167,0,0,1,47,0,0,0,0,0,0,10,0,48,0,0,0,0,0,0,0,0,0,0,31,3,0,0,0,0,1
Gujarat,Kachchh East(G),1,0,5,0,0,0,76,0,0,0,21,0,0,0,0,0,0,19,0,11,0,0,0,0,0,0,0,0,0,0,25,2,0,0,0,0,0
Gujarat,Kheda,0,0,4,0,1,0,64,0,0,0,25,0,0,0,0,0,0,6,0,26,0,0,0,0,0,0,0,0,0,0,72,7,7,0,0,0,0
Gujarat,Mehsana,0,0,5,0,0,0,63,3,0,0,0,0,0,1,0,0,0,10,0,13,0,0,0,0,0,0,0,0,0,0,51,13,4,0,1,0,0
Gujarat,Narmada,0,0,2,0,0,0,11,0,0,0,3,0,0,0,0,0,0,3,1,8,0,0,0,0,0,0,0,0,3,0,26,4,0,0,0,0,0
Gujarat,Navsari,0,1,2,0,0,0,14,5,0,0,0,0,0,0,0,0,0,5,0,10,0,0,0,0,0,0,0,0,0,0,22,3,0,0,0,0,0
Gujarat,Panchmahal,0,0,16,0,0,0,50,1,0,0,0,0,0,0,0,0,0,7,0,22,0,0,0,0,0,0,2,0,2,0,57,12,11,0,0,0,0
Gujarat,Patan,0,0,9,0,0,0,71,11,0,1,3,0,0,1,0,0,0,20,1,34,0,0,0,0,0,0,2,0,0,0,43,6,0,1,1,0,0
Gujarat,Porbandar,0,0,1,0,0,0,26,0,0,0,7,0,0,0,0,0,0,3,0,7,0,0,0,0,0,0,0,0,1,0,7,3,0,0,0,0,0
Gujarat,Rajkot ,0,0,11,0,1,2,186,1,0,0,34,0,0,3,0,0,0,40,0,38,0,0,0,13,0,0,0,0,0,0,143,20,1,1,0,0,0
Gujarat,Sabarkantha,2,0,9,0,0,0,75,0,0,0,0,0,0,0,0,0,0,8,0,4,0,0,0,0,0,0,1,0,0,0,37,0,0,0,0,0,0
Gujarat,Surat ,0,1,22,0,2,1,359,14,0,0,6,0,0,0,1,2,0,33,0,63,4,1,0,0,0,1,0,0,1,2,194,38,5,0,0,0,0
Gujarat,Surendranagar,0,0,7,0,0,0,15,0,0,0,35,0,0,0,0,0,0,10,0,23,0,0,0,0,0,0,0,0,0,0,14,7,0,0,0,0,0
Gujarat,Tapi,0,0,2,0,0,0,4,0,0,0,0,0,0,0,0,0,0,3,0,3,0,1,0,0,0,0,0,0,0,1,11,1,1,0,0,0,0
Gujarat,Vadodara ,0,0,17,0,0,0,223,5,0,0,37,0,0,6,0,0,0,35,0,61,4,0,0,5,0,0,1,0,0,3,118,19,10,0,0,0,0
Gujarat,Valsad,1,1,8,0,0,0,12,6,0,0,5,0,0,1,1,0,0,10,0,6,0,0,0,0,0,0,0,0,0,0,28,3,0,0,0,0,0
Haryana,Ambala,0,6,7,0,0,0,258,0,0,0,47,22,0,25,1,1,0,49,1,56,4,0,0,0,0,0,0,0,1,0,30,21,24,0,0,0,0
Haryana,Bhiwani,0,14,9,0,0,0,178,0,0,0,27,12,0,14,0,0,0,43,11,164,4,1,0,0,0,0,0,0,4,0,48,20,9,0,0,0,0
Haryana,Faridabad,0,19,13,3,0,0,401,69,0,0,41,118,0,13,0,0,0,131,15,116,10,4,1,0,0,0,0,0,5,0,94,44,8,0,2,0,0
Haryana,Fatehabad,0,8,6,0,0,0,64,0,0,0,2,29,0,9,0,0,0,29,0,50,8,1,0,0,0,0,3,0,0,0,28,23,0,0,0,0,0
Haryana,Gurugram,0,26,24,1,0,0,291,15,1,0,42,72,0,12,0,0,0,173,15,219,44,1,0,0,1,0,0,0,9,1,108,32,17,0,0,0,0
Haryana,Hissar,0,7,8,0,0,0,191,1,0,0,14,43,0,2,0,0,0,67,3,158,8,1,0,0,0,0,0,0,0,9,52,32,11,0,1,0,0
Haryana,Jhajjar,1,13,15,0,0,0,177,0,0,0,55,0,0,21,0,0,0,31,4,105,9,0,0,0,0,0,0,0,1,0,37,15,1,0,0,0,0
Haryana,Jind,0,6,8,0,0,0,138,0,0,0,35,31,0,7,0,0,0,43,8,63,2,0,0,0,0,0,2,0,0,0,40,20,5,0,0,0,0
Haryana,Kaithal,0,8,7,0,0,0,173,0,0,0,110,44,0,45,0,0,0,21,2,80,8,0,0,0,0,0,0,0,2,5,23,12,7,0,2,0,0
Haryana,Karnal,0,9,6,0,0,0,252,0,0,0,50,84,0,18,0,0,0,97,23,132,7,1,0,0,0,0,0,0,7,0,52,33,17,0,0,0,0
Haryana,Kurukshetra,0,7,7,0,0,0,285,0,0,0,84,0,0,33,3,0,0,51,20,116,8,3,0,0,0,0,5,0,0,0,51,43,0,0,0,0,0
Haryana,Mahendergarh,0,9,6,0,0,0,46,0,0,1,19,14,0,5,0,0,0,32,10,109,2,1,0,1,0,0,0,0,1,0,24,16,4,0,2,0,0
Haryana,Palwal,0,16,2,2,0,0,106,0,1,0,24,32,0,11,0,0,0,32,3,53,3,0,0,0,0,0,0,0,2,0,58,18,2,0,0,0,0
Haryana,Panchkula,0,3,1,0,0,0,95,0,0,0,29,0,0,0,0,0,0,36,5,47,0,0,0,0,0,0,0,0,1,0,29,6,7,0,1,0,0
Haryana,Panipat,0,12,10,0,1,0,261,3,0,0,107,32,0,117,0,0,0,67,14,108,9,0,0,0,0,0,0,0,10,1,58,24,6,0,0,0,0
Haryana,Rewari,0,12,14,0,0,0,204,7,0,1,20,28,0,7,0,0,0,54,10,105,16,4,0,0,1,0,0,0,4,0,41,35,0,0,0,0,0
Haryana,Rohtak,0,14,16,0,0,0,245,0,0,0,42,46,0,66,2,0,0,70,13,185,5,0,1,0,4,0,0,0,7,2,37,10,20,0,1,0,0
Haryana,Sirsa,0,5,8,0,0,0,153,0,0,0,38,63,0,5,1,0,0,66,10,82,9,0,0,0,0,0,0,0,0,0,54,29,0,0,6,0,0
Haryana,Sonipat,1,21,10,0,0,0,241,1,1,0,37,78,0,87,1,0,0,80,15,136,8,0,0,0,0,0,3,0,0,0,40,27,2,0,1,4,0
Haryana,Yamunanagar,0,9,9,0,0,0,243,0,1,1,101,0,0,58,1,0,0,102,22,118,9,0,0,0,0,0,0,0,8,0,45,28,8,0,0,0,0
Himachal Pradesh,Bilaspur,0,0,3,0,0,0,16,15,0,0,3,0,0,0,0,0,0,23,0,47,13,0,0,0,0,0,0,0,0,0,0,0,0,0,0,0,0
Himachal Pradesh,Chamba,4,0,2,0,0,0,8,0,0,0,16,0,0,0,0,0,0,22,0,39,5,0,0,0,0,0,0,0,1,0,0,0,0,0,0,0,0
Himachal Pradesh,Hamirpur,0,0,3,0,0,0,15,0,0,0,11,0,0,0,0,0,0,6,0,38,11,0,0,0,0,0,0,0,2,0,0,0,0,0,0,0,0
Himachal Pradesh,Kangra,0,0,15,2,0,0,46,0,0,0,42,0,0,0,0,0,0,47,0,93,11,0,0,0,0,0,0,0,4,0,0,1,0,0,0,0,0
Himachal Pradesh,Kinnaur,0,0,0,0,0,0,2,4,0,0,2,0,0,0,0,0,0,5,0,6,1,0,0,0,0,0,0,0,0,0,0,0,0,0,0,0,0
Himachal Pradesh,Kullu,0,0,2,0,0,0,15,23,0,0,0,0,0,0,0,0,0,31,0,45,6,0,0,0,0,0,0,0,9,0,0,0,0,0,0,0,0
Himachal Pradesh,Mandi,0,0,6,0,0,0,62,0,0,0,59,0,0,0,0,0,0,41,1,87,14,0,0,0,0,0,0,1,3,0,0,1,1,0,1,0,0
Himachal Pradesh,Shimla,0,0,13,0,0,0,32,3,0,0,47,0,0,0,0,0,0,54,0,68,18,1,0,0,0,0,0,0,0,2,0,0,0,0,0,0,0
Himachal Pradesh,Sirmaur,0,0,2,0,0,0,15,14,0,0,3,0,0,0,0,0,0,44,0,41,2,1,0,0,0,0,0,0,7,0,0,0,0,0,0,0,0
Himachal Pradesh,Solan,1,0,2,0,0,0,9,13,0,0,0,0,0,2,0,0,0,16,2,24,3,0,0,0,0,0,0,1,1,4,0,0,0,0,0,0,0
Himachal Pradesh,Una,3,0,6,0,0,0,25,3,0,0,5,0,0,0,0,0,0,22,0,26,3,0,0,0,0,0,0,0,3,0,0,0,0,0,0,0,0
Jammu & Kashmir,Anantnag,0,0,0,0,0,0,10,33,0,0,34,0,0,0,0,0,0,18,0,138,0,2,0,0,0,0,0,0,0,0,19,0,0,0,0,0,0
Jammu & Kashmir,Doda,0,0,0,0,0,0,18,17,0,0,0,0,0,0,0,0,0,13,2,32,0,0,0,0,0,0,0,0,0,0,0,0,0,0,0,0,0
Jammu & Kashmir,Ganderbal,0,0,0,0,0,0,11,0,0,0,13,0,0,0,0,0,0,9,0,65,0,0,0,0,0,0,0,0,1,1,16,1,2,0,0,0,0
Jammu & Kashmir,Jammu,0,6,3,0,0,0,49,0,0,0,0,0,0,96,0,0,0,29,0,98,14,0,0,0,0,0,0,0,0,0,9,5,0,4,0,0,0
Jammu & Kashmir,Kathua,0,1,0,0,0,0,18,18,0,0,13,0,0,0,0,0,0,14,0,36,3,0,0,0,0,0,0,0,2,2,8,4,0,6,0,0,0
Jammu & Kashmir,Kishtwar,0,0,1,0,0,0,2,4,0,0,5,0,0,0,0,0,0,3,0,17,0,0,0,0,0,0,0,0,4,0,4,0,0,0,0,0,0
Jammu & Kashmir,Kulgam,0,0,0,0,0,0,9,0,0,0,63,0,0,0,0,0,0,12,0,176,0,0,0,0,0,0,0,0,0,0,11,0,0,0,0,0,0
Jammu & Kashmir,Kupwara,0,0,3,0,0,0,20,0,0,0,44,0,0,0,0,0,0,13,0,118,0,0,0,0,0,0,0,0,0,0,9,0,0,0,0,0,0
Jammu & Kashmir,Pulwama,0,0,0,0,0,0,2,9,0,0,7,0,0,0,0,0,0,6,1,30,0,0,0,0,0,0,0,0,0,0,0,0,0,0,0,0,0
Jammu & Kashmir,Rajouri,0,0,2,0,0,0,47,0,0,0,38,0,0,0,0,0,0,25,0,61,1,0,0,0,0,0,0,0,0,3,5,2,0,0,0,0,0
Jammu & Kashmir,Ramban,0,0,0,0,0,0,9,6,0,0,9,0,0,0,0,0,0,8,0,28,1,0,0,0,0,0,0,0,0,0,2,0,0,0,0,0,0
Jammu & Kashmir,Reasi,0,0,0,0,0,0,2,13,0,0,6,0,0,0,0,0,0,11,0,14,2,0,0,0,0,0,0,0,0,0,3,0,0,0,0,0,0
Jammu & Kashmir,Samba,0,0,4,0,0,0,15,2,0,0,6,0,0,0,0,0,0,9,0,14,0,0,0,0,0,0,0,3,0,0,2,4,0,0,0,0,0
Jammu & Kashmir,Srinagar,0,0,0,0,0,0,47,24,0,0,15,0,0,1,0,0,0,5,2,186,7,0,0,0,0,0,0,0,0,0,4,1,0,0,2,0,0
Jammu & Kashmir,Udhampur,0,1,5,0,0,0,26,5,0,0,12,0,0,0,0,0,0,16,2,30,0,0,0,0,0,0,0,0,0,0,3,5,0,0,5,0,0
Jharkhand,Bokaro,0,19,0,0,0,0,61,96,0,0,96,0,0,32,1,0,0,70,49,25,0,96,0,0,0,0,0,65,0,0,71,0,0,0,0,0,0
Jharkhand,Chatra,0,13,0,0,0,0,6,0,0,0,35,0,0,0,0,0,0,30,19,24,0,37,0,0,0,0,0,0,0,0,42,0,0,0,0,0,0
Jharkhand,Deoghar,1,22,0,0,1,0,53,0,0,0,16,36,0,0,1,1,0,44,19,369,0,121,0,0,0,0,0,0,0,0,24,0,0,0,0,0,0
Jharkhand,Dhanbad,0,22,12,2,0,0,74,26,8,2,36,26,0,0,0,0,0,76,8,113,0,154,0,0,0,0,0,0,0,0,17,94,12,0,0,0,0
Jharkhand,Dumka,0,10,0,0,0,0,21,7,0,0,0,20,0,0,3,0,0,29,3,72,0,16,0,0,0,0,0,0,0,0,37,0,0,0,0,0,0
Jharkhand,Giridih,6,39,0,0,0,0,61,0,0,0,36,0,0,3,1,0,0,49,0,71,0,96,0,0,0,0,0,0,0,0,10,0,0,0,0,0,0
Jharkhand,Godda,1,10,0,0,0,0,42,0,0,0,15,0,0,0,0,0,0,45,8,30,0,120,0,0,0,0,0,0,0,0,11,0,0,0,0,0,0
Jharkhand,Gumla,0,2,0,2,0,0,17,11,0,0,9,0,0,0,4,0,0,91,0,5,0,23,0,0,0,0,0,0,0,0,33,0,0,0,0,0,0
Jharkhand,Hazaribagh,1,25,1,0,0,0,36,7,0,0,23,15,0,0,0,0,0,121,19,37,0,131,0,0,0,0,0,1,0,0,42,0,0,0,0,0,0
Jharkhand,Jamtara,0,8,3,0,0,0,15,0,0,0,4,12,0,0,0,0,0,13,5,21,0,23,0,0,0,0,0,0,0,0,16,7,0,0,0,0,0
Jharkhand,Khunti,0,0,0,0,0,0,10,0,0,0,0,0,0,0,13,0,0,33,0,6,0,13,0,0,0,0,0,0,0,0,12,0,0,0,0,0,0
Jharkhand,Latehar,0,12,0,0,0,0,12,1,0,0,6,4,0,0,2,0,0,48,3,31,0,41,0,0,0,0,0,0,0,0,11,0,0,0,0,0,0
Jharkhand,Pakur,0,5,0,0,0,0,16,4,0,2,17,0,0,0,6,0,0,39,4,9,0,27,0,0,0,0,0,0,0,0,0,0,0,0,0,0,0
Jharkhand,Palamu,0,11,13,0,0,0,30,5,1,2,9,37,0,0,0,0,0,56,12,90,5,60,0,0,0,0,0,0,3,0,46,27,0,1,1,0,0
Jharkhand,Ramgarh,0,10,0,0,0,0,11,0,0,0,10,20,0,10,0,0,0,33,5,41,0,55,0,0,0,0,0,0,0,0,12,11,0,4,0,0,0
Jharkhand,Ranchi,0,16,0,0,0,0,117,0,0,0,56,0,0,2,2,0,0,157,3,81,0,77,0,0,0,0,0,0,0,0,65,0,0,0,0,0,0
Jharkhand,Simdega,0,0,0,0,0,0,7,0,0,0,10,0,0,0,11,0,0,21,0,0,0,0,0,0,0,0,0,0,0,0,15,0,0,0,0,0,0
Karnataka,Bidar,0,8,6,0,0,0,61,6,0,0,1,2,0,0,0,0,0,5,3,77,4,18,0,3,0,0,0,0,0,0,21,3,2,0,0,0,0
Karnataka,Chikkaballapura,0,6,0,0,0,0,26,39,0,0,0,0,0,0,0,0,0,20,0,60,0,30,0,0,0,0,0,0,0,0,84,7,5,0,0,0,0
Karnataka,Chitradurga,0,6,0,0,0,0,46,6,0,0,3,0,0,0,0,0,0,13,0,239,2,26,0,0,0,0,0,0,0,0,53,5,0,9,0,0,1
Karnataka,Dakshina Kannada,0,0,3,0,1,0,18,1,0,0,0,0,0,0,0,0,0,6,0,45,4,6,0,1,0,0,0,0,7,1,30,19,7,0,0,0,0
Karnataka,Davanagere,0,5,4,0,0,0,57,13,0,0,2,2,0,0,0,0,0,20,0,144,0,72,0,0,0,0,0,0,0,0,46,14,0,0,0,0,0
Karnataka,Dharwad,0,1,0,0,0,0,13,0,0,0,0,0,0,0,0,0,0,4,0,18,0,9,0,0,0,0,0,0,2,0,15,2,1,0,1,0,0
Karnataka,Gadag,0,0,0,0,0,0,18,0,0,0,17,0,0,0,0,0,0,5,0,35,1,6,0,0,0,0,0,0,2,0,13,0,0,0,0,0,0
Karnataka,Hassan,0,14,9,0,0,0,64,70,0,0,5,0,0,4,0,0,0,19,0,240,2,93,0,0,0,0,0,0,6,0,56,0,0,23,0,0,0
Karnataka,Haveri,2,6,4,0,2,0,35,0,0,0,0,0,0,3,0,0,0,10,0,89,0,19,0,0,0,0,0,0,0,0,48,7,3,0,0,0,0
Karnataka,Kodagu,0,0,0,0,0,0,37,0,0,0,0,0,0,0,0,0,0,9,0,44,1,13,1,0,0,0,0,0,0,0,63,16,0,0,0,0,0
Karnataka,Kolar,0,6,6,0,0,0,11,0,0,0,2,0,0,0,0,0,0,10,0,72,1,15,0,0,0,0,0,0,3,0,36,4,1,1,0,0,0
Karnataka,Koppal,0,3,1,0,0,0,56,18,0,0,0,0,0,0,0,0,0,8,0,103,2,1,0,1,0,0,0,0,2,0,49,10,0,0,0,0,0
Karnataka,Mandya,0,10,0,0,0,0,78,0,0,0,0,0,0,0,0,0,0,13,0,281,2,32,0,0,0,0,0,0,0,0,53,18,0,0,0,0,0
Karnataka,Raichur,0,1,6,0,0,0,85,17,0,0,1,0,0,7,0,0,0,12,0,161,0,66,0,0,0,0,0,0,2,0,35,10,0,0,0,0,0
Karnataka,Ramanagara,0,12,6,0,0,0,29,41,0,0,2,0,0,0,0,0,0,11,0,148,0,42,0,0,1,0,0,0,0,0,43,23,0,0,0,0,0
Karnataka,Shimoga,0,6,16,0,0,0,63,51,0,0,1,0,0,0,1,0,0,8,2,250,1,53,0,0,0,0,1,0,1,0,106,12,10,4,1,0,0
Karnataka,Udupi,0,1,2,0,0,0,32,9,0,0,0,0,0,0,0,0,0,11,0,70,4,27,0,0,0,0,1,0,13,0,35,5,2,0,0,0,0
Karnataka,Uttara Kannada,0,1,9,0,0,0,27,1,0,0,1,0,0,0,0,0,0,5,0,124,2,11,4,0,0,0,0,0,0,0,40,4,0,0,2,0,0
Kerala,Kannur,0,0,2,0,0,0,194,1,0,0,0,0,0,1,7,0,0,36,2,134,34,0,0,0,0,0,0,2,6,0,62,40,7,0,1,0,0
Kerala,Kottayam,0,0,1,0,0,0,77,6,0,0,2,0,0,0,0,0,0,26,5,163,13,0,0,0,0,0,0,8,5,0,66,12,1,3,0,0,0
Kerala,Malappuram,0,0,4,0,0,0,455,11,0,0,1,0,0,2,9,0,0,49,6,406,38,0,0,0,0,0,0,21,13,1,98,5,4,0,1,1,0
Kerala,Palakkad,1,2,4,0,1,1,166,16,0,0,0,0,0,0,1,0,0,48,0,169,16,0,0,0,0,0,0,6,18,0,110,1,1,4,0,1,0
Kerala,Pathanamthitta,0,0,1,0,0,0,57,2,0,0,0,0,0,0,0,0,0,30,0,179,20,0,0,0,0,0,0,14,0,0,74,8,9,3,2,0,0
Lakshadweep,Lakshadweep,0,0,0,0,0,0,0,0,0,0,0,0,0,0,0,0,0,3,0,3,1,0,0,0,0,0,0,0,1,0,3,2,1,0,1,0,0
Madhya Pradesh,Alirajpur,0,0,16,3,0,0,11,48,0,0,30,0,0,0,1,0,0,29,2,15,2,0,0,0,0,0,0,0,0,0,37,8,0,0,0,0,0
Madhya Pradesh,Anuppur,1,6,8,0,0,0,70,70,0,0,8,0,0,0,0,0,0,46,0,60,1,0,0,0,0,0,0,0,0,0,46,23,0,0,0,0,0
Madhya Pradesh,Balaghat,1,14,9,0,0,0,204,150,0,0,0,0,0,2,1,0,0,69,0,115,6,1,0,0,0,0,0,0,0,0,68,44,1,0,0,0,0
Madhya Pradesh,Betul,1,16,11,0,0,0,49,0,0,0,156,0,0,0,3,0,0,48,1,85,2,2,0,0,0,0,0,0,1,0,53,40,0,0,0,0,0
Madhya Pradesh,Bhind,0,26,0,0,0,0,160,0,0,0,0,0,0,0,0,0,0,21,1,67,4,0,0,0,0,0,0,0,0,0,32,51,0,0,0,0,0
Madhya Pradesh,Bhopal,0,13,22,2,1,1,310,265,0,0,8,4,0,2,0,0,0,120,1,215,15,48,6,0,0,0,0,0,0,0,152,110,8,3,0,0,0
Madhya Pradesh,Burhanpur,0,1,3,0,0,0,43,0,0,0,0,3,0,0,0,0,0,16,0,61,3,0,0,0,0,0,0,0,0,0,34,23,0,0,0,0,0
Madhya Pradesh,Chhatarpur,1,24,22,0,0,0,82,2,0,0,38,0,0,0,0,0,0,52,4,158,2,1,0,0,0,0,0,0,5,0,59,102,9,0,0,0,0
Madhya Pradesh,Chhindwara,3,22,7,0,0,0,68,124,0,0,0,0,0,0,1,0,0,53,0,81,0,3,0,0,0,0,0,0,0,0,42,28,0,0,0,0,0
Madhya Pradesh,Damoh,0,14,25,0,0,0,103,145,0,0,0,0,0,0,0,0,0,34,0,109,3,3,0,0,0,0,0,0,0,0,25,59,0,0,0,0,0
Madhya Pradesh,Datia,2,12,5,0,0,0,49,0,0,0,0,0,0,0,0,0,0,15,0,65,1,0,0,0,0,0,0,0,1,0,16,22,0,0,0,0,0
Madhya Pradesh,Dewas,0,9,13,0,0,0,154,92,0,0,4,0,0,0,0,0,0,30,1,138,11,0,0,0,0,0,0,5,0,0,121,63,1,0,0,0,0
Madhya Pradesh,Dhar,0,6,37,0,0,0,94,2,0,0,13,0,0,0,0,0,0,82,1,135,3,0,0,0,0,0,0,0,0,0,128,59,1,0,5,0,0
Madhya Pradesh,Guna,1,3,16,0,0,0,111,86,0,0,1,2,0,16,0,0,0,65,0,182,2,2,0,0,0,0,0,1,0,0,78,56,0,0,0,0,0
Madhya Pradesh,Gwalior,0,24,24,0,0,1,564,139,0,0,9,3,0,2,3,0,1,162,2,287,6,5,0,0,0,0,0,0,5,5,85,104,1,0,0,0,0
Madhya Pradesh,Hoshangabad,0,13,10,0,1,0,115,86,0,0,5,0,0,1,0,0,0,53,0,127,5,2,0,0,0,0,0,0,0,0,58,46,2,0,0,0,0
Madhya Pradesh,Indore,3,28,36,0,0,1,455,398,0,0,26,0,0,0,4,0,0,147,1,285,14,1,4,0,0,0,0,0,1,1,165,122,2,0,0,0,0
Madhya Pradesh,Jabalpur,0,19,21,0,0,0,201,269,0,0,1,0,0,0,5,0,0,116,3,221,6,17,0,0,0,0,0,172,0,0,117,102,3,0,0,0,0
Madhya Pradesh,Jhabua,0,0,17,0,0,0,11,67,0,0,4,1,0,1,0,0,0,16,0,21,2,0,0,0,0,0,0,0,0,0,24,10,0,0,0,0,0
Madhya Pradesh,Mandla,1,2,3,0,0,0,49,104,0,0,4,8,0,0,2,0,0,21,1,30,1,0,0,0,0,0,0,0,1,0,22,24,0,0,0,0,0
Madhya Pradesh,Mandsaur,0,8,11,0,0,0,40,56,0,0,3,0,0,0,2,0,0,23,1,80,4,0,0,0,0,0,0,0,0,0,39,50,0,0,0,0,0
Madhya Pradesh,Morena,0,32,20,0,0,0,136,0,0,0,4,0,0,0,1,0,0,46,1,94,3,0,0,0,0,0,0,0,0,0,48,33,3,0,0,0,0
Madhya Pradesh,Panna,0,13,17,5,0,0,71,129,0,0,0,0,0,0,0,0,0,23,0,94,2,0,0,0,0,0,0,0,2,0,20,54,0,0,0,0,0
Madhya Pradesh,Raisen,0,16,15,0,0,0,96,94,0,0,0,0,0,0,1,0,0,51,0,89,3,0,0,0,0,0,0,0,0,0,101,46,0,0,0,0,0
Madhya Pradesh,Rajgarh,0,13,18,0,0,0,159,1,0,0,0,0,0,0,1,0,0,57,2,131,3,0,0,0,0,0,0,0,0,0,58,57,1,0,0,0,0
Madhya Pradesh,Ratlam,1,6,22,7,1,0,88,125,0,0,10,1,0,1,0,0,0,43,0,116,5,0,0,0,0,0,1,0,0,1,117,58,0,0,0,0,0
Madhya Pradesh,Rewa,0,32,21,19,0,0,152,218,0,1,7,0,0,0,0,0,0,49,0,121,6,0,0,0,0,0,0,0,12,0,87,64,0,0,0,0,0
Madhya Pradesh,Sagar,2,33,26,1,0,1,97,0,1,2,189,0,0,1,1,0,0,74,3,189,3,0,0,0,0,0,0,0,0,0,135,112,0,0,0,0,0
Madhya Pradesh,Satna,0,20,15,0,0,0,118,0,0,0,197,0,0,0,0,0,0,51,0,100,5,1,0,0,0,0,0,0,0,0,93,68,0,0,0,0,0
Madhya Pradesh,Sehore,0,5,10,0,0,0,75,0,0,0,65,0,0,0,0,0,0,49,1,144,8,0,0,0,0,0,0,0,0,0,113,0,0,0,0,0,0
Madhya Pradesh,Seoni,0,4,4,0,0,0,117,0,0,0,137,0,0,0,1,0,0,36,1,68,3,0,0,0,0,0,0,0,0,0,43,20,0,0,0,0,0
Madhya Pradesh,Shahdol,1,10,19,0,0,0,150,99,0,0,3,10,0,0,0,0,0,44,0,82,1,0,0,0,0,0,0,0,0,1,59,37,0,0,0,0,0
Madhya Pradesh,Shajapur,0,7,8,0,0,0,60,29,0,0,2,0,0,0,0,0,0,33,1,91,2,0,0,0,0,0,0,0,0,0,65,30,0,7,0,0,0
Madhya Pradesh,Shivpuri,0,13,14,0,0,0,110,107,0,0,0,0,0,0,0,0,0,69,1,122,3,1,0,0,0,0,0,0,0,0,44,49,0,0,0,0,0
Madhya Pradesh,Sidhi,0,10,22,0,0,0,93,1,0,0,0,0,0,0,0,1,0,18,0,39,6,0,0,0,0,0,0,0,0,0,30,31,0,0,0,0,0
Madhya Pradesh,Singrauli,2,12,18,0,1,0,103,70,0,0,14,0,0,0,2,0,0,38,0,50,3,0,0,0,0,0,0,0,0,0,41,17,0,0,0,0,0
Madhya Pradesh,Tikamgarh,0,26,17,0,0,0,32,38,0,0,39,0,0,0,1,0,0,24,0,77,2,0,0,0,0,0,0,0,0,0,48,22,0,0,0,0,0
Madhya Pradesh,Ujjain,0,8,16,0,0,0,194,141,0,0,9,0,0,1,0,1,0,65,1,236,9,2,0,0,0,0,0,0,0,0,0,0,0,0,0,0,0
Madhya Pradesh,Umaria,3,2,6,0,0,0,28,31,0,0,2,0,0,0,1,0,0,16,1,25,1,0,0,0,0,0,0,0,0,0,23,17,0,0,0,0,0
Madhya Pradesh,Vidisha,1,13,17,0,0,0,115,98,0,0,2,0,0,0,1,0,0,42,2,125,11,0,0,0,0,0,0,0,0,0,86,73,0,0,0,1,0
Maharashtra,Ahmednagar,1,7,55,0,0,0,486,267,0,0,46,0,0,0,0,0,0,92,0,543,14,0,0,2,0,0,0,0,0,5,62,65,0,0,0,0,0
Maharashtra,Akola,0,7,12,0,0,0,261,45,0,0,11,0,0,0,0,0,0,28,0,245,5,1,0,0,0,0,0,0,0,4,34,68,0,0,0,0,0
Maharashtra,Amravati ,1,1,28,0,0,0,161,94,0,0,3,0,0,0,0,0,0,41,0,226,6,4,0,0,0,0,0,1,0,0,70,82,0,0,0,0,0
Maharashtra,Beed,1,11,38,0,0,0,255,7,0,0,4,14,0,0,0,0,0,50,0,248,16,0,0,0,0,0,0,0,0,0,79,56,0,0,0,1,0
Maharashtra,Bhandara,1,1,7,0,0,0,38,60,0,0,2,1,0,0,0,0,0,15,0,88,12,4,1,0,0,0,0,0,1,0,45,19,0,0,0,0,0
Maharashtra,Buldhana,0,8,28,0,0,0,144,71,0,0,15,0,0,0,0,0,0,34,0,313,9,0,0,0,0,0,0,0,0,0,43,88,0,0,1,0,0
Maharashtra,Chandrapur,0,3,10,0,0,0,127,113,0,0,15,0,0,0,0,0,0,45,0,194,15,2,0,0,0,0,0,0,2,0,70,57,0,0,0,0,0
Maharashtra,Dhule,1,4,12,0,1,0,236,4,0,0,72,0,0,0,0,0,0,14,0,80,9,0,0,0,0,0,0,0,1,0,28,26,0,0,0,0,0
Maharashtra,Gadchiroli,1,0,9,0,0,0,21,28,0,0,0,0,0,0,0,0,0,17,0,55,1,1,0,0,0,0,0,0,0,0,41,13,0,0,0,0,0
Maharashtra,Gondia,0,2,5,0,0,0,11,36,0,0,2,0,0,0,0,0,0,18,0,57,4,5,0,0,0,0,0,0,0,0,32,27,0,0,0,0,0
Maharashtra,Hingoli,0,6,6,0,0,0,71,13,0,0,4,0,0,0,0,0,0,14,0,73,1,0,4,0,0,0,0,0,0,0,17,15,0,0,0,0,0
Maharashtra,Jalgaon,1,2,40,0,0,0,206,21,0,0,114,0,0,8,0,0,0,29,1,259,20,0,0,0,0,5,0,0,0,3,62,55,0,0,0,0,0
Maharashtra,Jalna,0,12,34,0,0,0,191,0,0,0,48,0,0,20,0,0,0,36,0,208,0,0,0,0,0,0,2,0,0,0,23,168,0,0,0,0,0
Maharashtra,Kolhapur,1,6,13,1,0,0,194,130,0,0,3,0,0,0,15,0,0,51,0,263,15,0,0,0,2,0,0,0,0,0,64,55,0,1,0,1,0
Maharashtra,Latur,0,7,14,1,0,0,131,74,0,0,4,8,0,0,3,0,0,25,0,138,0,0,0,0,0,0,0,0,0,0,26,23,0,0,0,0,0
Maharashtra,Mumbai ,0,0,0,0,0,0,0,1,0,0,0,0,0,0,0,0,0,1,0,46,4,0,0,0,0,0,0,0,0,0,2,4,0,0,0,0,0
Maharashtra,Nagpur ,0,3,10,1,0,0,16,1,0,0,2,0,0,0,0,0,0,35,0,167,13,3,0,0,0,0,0,1,1,0,64,88,0,0,0,1,0
Maharashtra,Nanded,1,6,17,0,0,0,242,63,0,0,18,0,0,8,0,0,0,39,0,232,9,0,0,0,0,0,1,0,0,0,59,57,0,0,0,0,0
Maharashtra,Nandurbar,0,1,3,0,0,0,50,2,0,0,7,0,0,1,0,0,0,17,0,44,5,0,0,0,0,0,0,0,2,0,25,9,0,1,0,0,0
Maharashtra,Nasik ,1,7,45,0,0,0,324,197,0,0,32,8,0,0,1,0,0,34,0,237,8,0,0,0,0,0,0,0,1,1,75,46,0,0,0,0,0
Maharashtra,Osmanabad,0,6,19,0,0,0,67,50,0,0,24,0,0,2,0,0,0,20,0,123,2,0,0,0,0,0,0,0,0,0,26,25,0,0,0,0,0
Maharashtra,Parbhani,0,3,14,0,0,0,115,29,0,0,8,0,0,0,0,0,0,32,0,139,4,0,0,0,0,0,0,0,0,0,38,39,0,0,0,0,0
Maharashtra,Pune ,0,4,51,0,1,0,227,271,0,0,7,3,0,0,6,0,0,82,1,494,26,0,4,1,1,4,0,0,0,0,125,122,2,0,0,1,0
Maharashtra,Ratnagiri,1,0,4,0,0,0,12,33,0,0,0,0,0,0,0,0,0,10,0,53,29,0,0,0,0,0,0,0,0,0,28,9,1,0,0,0,0
Maharashtra,Sangli,1,7,17,0,0,0,103,133,0,0,16,1,0,2,0,0,0,38,0,250,18,0,0,0,0,0,0,0,0,1,66,54,3,1,0,0,0
Maharashtra,Satara,0,4,22,0,0,0,168,141,0,0,4,4,0,1,2,0,0,49,0,275,15,0,2,0,0,0,0,0,5,0,92,59,0,0,0,0,0
Maharashtra,Sindhudurg,0,0,1,0,0,0,0,13,0,0,0,0,0,0,0,0,0,6,0,53,2,0,0,0,0,0,0,0,0,0,17,10,0,0,0,0,0
Maharashtra,Solapur ,0,2,60,0,0,0,136,133,0,0,3,0,0,0,0,0,0,74,0,346,4,0,0,0,0,0,2,0,0,0,92,67,3,0,0,0,0
Maharashtra,Thane ,0,0,8,1,0,0,38,23,0,0,1,0,0,0,0,0,0,23,0,84,6,1,0,0,0,0,0,0,0,0,27,20,0,0,0,0,0
Maharashtra,Wardha,0,2,4,0,0,0,48,100,0,0,3,2,0,0,0,0,0,24,0,197,6,1,0,0,0,0,0,0,4,0,40,43,7,0,0,0,0
Maharashtra,Washim,0,12,8,0,0,0,181,0,0,0,10,0,0,0,0,0,0,24,0,163,1,1,0,0,0,0,0,0,0,0,23,34,0,0,0,0,0
Maharashtra,Yavatmal,1,6,19,0,0,0,231,104,0,0,11,0,0,0,0,0,0,43,0,187,16,1,1,0,0,0,0,0,2,0,56,62,0,0,0,0,0
Manipur,Bishnupur,2,1,0,0,0,0,1,1,0,0,2,0,0,0,2,0,0,6,2,2,0,0,0,0,0,0,0,0,0,0,10,1,1,2,0,0,0
Manipur,Chandel,0,0,0,0,0,0,0,0,0,0,0,0,0,0,0,0,0,0,0,0,0,0,0,0,0,0,0,0,0,0,2,0,0,0,0,0,0
Manipur,Churachandpur,0,0,0,0,0,0,0,0,0,0,1,0,0,0,0,0,0,0,1,0,0,0,0,0,0,0,0,0,0,0,4,1,0,0,0,0,0
Manipur,Imphal East,0,0,0,0,0,0,2,0,0,0,9,1,0,1,0,0,0,3,0,12,0,0,0,0,0,0,0,0,0,0,10,1,0,0,0,0,0
Manipur,Imphal West,0,0,0,0,0,0,1,0,0,0,5,11,1,3,0,0,0,10,0,30,1,0,0,0,0,0,0,1,0,0,10,3,0,0,0,0,0
Manipur,Senapati,0,0,0,0,0,0,0,0,0,0,0,0,0,0,0,0,0,1,0,0,0,0,0,0,0,0,0,0,0,0,2,1,0,0,0,0,0
Manipur,Thoubal,0,0,2,0,0,0,1,0,0,0,0,6,0,0,0,0,0,5,2,9,0,0,0,0,0,0,0,0,0,0,6,4,2,0,0,0,0
Manipur,Ukhrul,0,0,0,0,0,0,0,0,0,0,0,0,0,0,0,0,0,0,0,0,0,0,0,0,0,0,0,0,0,0,1,0,0,0,0,0,0
Meghalaya,Garo Hills East,0,0,0,0,0,0,0,0,0,0,0,1,0,0,0,0,0,2,0,5,0,0,0,0,0,0,0,0,0,0,12,5,0,0,0,0,0
Meghalaya,Garo Hills South,1,0,0,0,0,0,0,0,0,0,0,1,0,0,0,0,0,1,0,0,1,0,0,0,0,0,0,0,0,1,13,4,1,0,0,0,0
Meghalaya,Garo Hills West,0,0,0,0,0,0,9,0,0,0,0,7,0,0,0,0,0,7,3,6,2,0,0,0,0,0,0,0,1,0,20,3,3,0,1,0,0
Meghalaya,Jaintia Hills East,0,0,0,0,2,0,0,10,0,0,0,0,0,1,0,0,0,7,0,10,0,0,0,0,0,0,0,0,0,0,18,2,0,0,0,0,0
Meghalaya,Khasi Hills East,0,1,0,0,0,0,2,0,0,0,1,3,0,0,0,0,0,12,4,45,12,0,0,0,0,0,0,0,4,0,52,22,1,1,0,0,0
Meghalaya,Khasi Hills West,0,0,0,0,0,0,2,0,0,0,0,0,0,0,0,0,0,12,3,3,0,0,0,0,0,0,0,0,0,0,33,6,0,0,0,0,0
Meghalaya,Ri-Bhoi,0,0,0,0,0,0,3,0,0,0,0,0,0,0,0,0,0,13,3,6,1,0,0,0,0,0,0,0,2,0,38,11,2,0,1,0,0
Mizoram,Aizawl,0,0,0,0,0,0,5,0,0,0,0,0,0,0,0,0,0,19,0,11,2,0,0,0,0,0,0,0,0,0,10,16,0,0,2,0,0
Mizoram,Champhai,0,0,0,0,0,0,0,0,0,0,0,0,0,0,0,0,0,3,1,0,0,0,0,0,0,0,0,0,1,0,5,9,0,0,0,0,0
Mizoram,Kolasib,0,0,0,0,0,0,1,0,0,0,0,0,0,0,0,0,0,3,0,3,1,0,0,0,0,0,0,0,0,0,8,5,0,0,0,0,0
Mizoram,Lawngtlai,0,0,0,0,0,0,0,0,0,0,0,0,0,0,0,0,0,0,0,1,0,0,0,0,0,0,0,0,0,0,8,3,0,0,0,0,0
Mizoram,Lunglei,0,0,0,0,0,0,0,0,0,0,0,0,0,0,0,0,0,0,0,3,0,0,0,0,0,0,0,0,0,0,14,0,0,0,0,0,0
Mizoram,Mamit,0,0,0,0,0,0,0,1,0,0,0,0,0,0,0,0,0,6,0,3,0,0,0,0,0,0,0,0,0,0,3,4,1,0,0,0,0
Mizoram,Saiha,0,0,0,0,0,0,0,0,0,0,0,0,0,0,0,0,0,0,0,1,0,0,0,0,0,0,0,0,0,0,3,0,0,0,0,0,0
Mizoram,Serchhip,0,0,0,0,0,0,0,0,0,0,0,0,0,0,0,0,0,0,0,1,0,0,0,0,0,0,0,0,0,0,2,2,0,0,0,0,0
Nagaland,Mon,0,0,0,0,0,0,0,2,0,0,0,0,0,0,0,0,0,0,0,0,0,0,0,0,0,0,0,0,0,0,1,1,0,0,0,0,0
Nagaland,Dimapur,0,0,0,0,0,0,1,3,0,0,0,0,0,0,0,0,0,2,0,5,2,0,0,0,0,0,0,0,0,0,4,1,1,0,0,0,0
Nagaland,Kiphire,0,0,0,0,0,0,0,0,0,0,0,0,0,0,0,0,0,1,0,0,0,0,0,0,0,0,0,0,0,0,0,0,0,0,0,0,0
Nagaland,Kohima,0,0,0,0,0,0,0,0,0,0,0,0,0,0,0,0,0,0,0,0,0,0,0,0,0,0,0,0,0,0,4,0,0,0,0,0,0
Nagaland,Longleng,0,0,0,0,0,0,0,0,0,0,0,0,0,0,0,0,0,0,0,0,0,0,0,0,0,0,0,0,0,0,0,0,0,0,0,0,0
Nagaland,Mokokchung,0,0,0,0,0,0,0,0,0,0,0,0,0,0,0,0,0,0,0,2,0,0,0,0,0,0,0,0,0,0,0,0,0,0,0,0,0
Nagaland,Peren,0,0,0,0,0,0,0,0,0,0,0,0,0,0,0,0,0,0,0,0,0,0,0,0,0,0,0,0,0,0,0,0,0,0,0,0,0
Nagaland,Phek,0,0,0,0,0,0,0,0,0,0,0,0,0,0,0,0,0,1,0,0,0,0,0,0,0,0,0,0,0,0,1,0,0,0,0,0,0
Nagaland,Tuensang,0,1,0,0,0,0,0,0,0,0,0,0,0,0,0,0,0,0,0,0,0,0,0,0,0,0,0,0,0,0,0,0,0,0,0,0,0
Nagaland,Wokha,0,0,0,0,0,0,0,0,0,0,0,0,0,0,0,0,0,0,0,0,0,0,0,0,0,0,0,0,0,0,2,0,0,0,0,0,0
Nagaland,Zunheboto,0,0,0,0,0,0,1,0,0,0,0,0,0,1,0,0,0,0,0,0,0,0,0,0,0,0,0,0,0,0,2,0,0,0,0,0,0
Odisha,Angul,0,7,0,0,0,0,290,125,0,0,0,0,0,0,1,0,0,46,3,667,13,0,0,0,0,0,1,0,12,0,62,19,0,0,0,0,0
Odisha,Baragarh,0,8,0,0,0,0,45,66,0,0,0,0,0,0,0,0,0,34,5,281,17,0,0,0,0,0,0,0,2,5,14,20,0,0,0,0,0
Odisha,Bhadrak,0,23,0,0,0,0,112,221,0,0,0,0,0,0,0,0,0,34,5,348,21,0,0,0,0,0,1,0,22,8,58,31,0,0,0,0,0
Odisha,Bolangir,0,4,0,0,0,0,124,108,0,0,0,0,0,0,19,0,0,25,2,599,24,0,0,0,0,0,1,0,6,0,50,11,0,0,0,0,0
Odisha,Cuttack,0,26,0,0,0,0,52,141,0,0,0,0,0,0,0,0,0,37,4,323,4,0,0,0,0,0,0,0,12,16,37,4,0,0,0,0,0
Odisha,Deogarh,0,2,1,0,0,0,36,16,0,0,0,0,0,0,0,0,0,33,1,89,20,0,0,0,0,0,0,0,1,1,0,0,0,0,0,0,0
Odisha,Dhenkanal,1,6,3,0,1,0,99,81,0,0,71,0,0,0,2,0,0,44,1,494,26,156,0,2,0,0,0,0,4,0,42,36,0,22,0,0,0
Odisha,Gajapati,0,1,0,0,0,0,21,35,0,0,0,0,0,0,1,0,0,9,0,139,9,0,0,0,0,0,0,0,0,4,42,7,0,0,0,0,0
Odisha,Ganjam,0,10,0,0,0,0,158,52,0,0,0,0,0,0,0,0,0,56,8,595,35,0,0,0,0,1,0,0,14,0,53,20,0,0,0,0,0
Odisha,Jagatsinghpur,0,23,0,0,0,0,89,137,0,0,0,0,0,0,3,0,0,40,8,652,25,0,0,0,0,0,1,0,8,9,37,24,0,0,0,0,0
Odisha,Jajpur,1,34,0,0,1,0,93,202,0,0,0,0,0,0,0,0,0,57,8,848,6,0,0,0,0,0,1,0,32,12,98,18,0,0,0,0,0
Odisha,Jharsuguda,0,3,0,0,0,0,56,54,0,0,0,0,0,0,0,0,0,27,3,222,11,0,0,0,0,0,0,0,13,3,29,15,0,0,0,0,0
Odisha,Kalahandi,0,3,0,0,0,0,101,127,0,0,0,0,0,0,1,0,0,38,12,447,28,0,0,0,0,0,1,0,2,15,48,19,0,0,0,0,0
Odisha,Kandhamal,0,3,0,0,1,0,56,66,0,0,0,0,0,0,2,0,0,47,4,106,19,0,0,0,0,0,0,0,6,1,18,23,0,0,0,0,0
Odisha,Kendrapara,0,21,0,0,0,0,248,176,0,1,0,0,0,0,0,0,0,37,9,794,10,0,0,0,0,0,0,0,4,27,61,25,0,0,0,0,0
Odisha,Khurda,0,16,0,0,1,0,62,72,0,0,0,0,0,0,1,0,0,17,2,305,19,0,0,0,0,0,0,0,5,9,40,5,0,0,0,0,0
Odisha,Koraput,1,0,4,0,0,0,103,97,0,0,0,0,0,0,0,0,0,33,1,323,4,0,0,0,0,0,0,0,8,7,65,1,0,0,0,0,0
Odisha,Malkangiri,0,3,0,0,0,0,75,80,0,0,0,0,0,0,8,0,0,15,1,192,9,0,0,0,0,0,2,0,4,1,46,10,0,0,0,0,0
Odisha,Mayurbhanj,4,7,0,0,0,0,294,271,0,0,0,0,0,0,5,0,0,138,18,502,60,0,0,0,0,0,0,0,12,34,102,39,0,1,0,0,3
Odisha,Nabarangpur,0,3,2,0,0,0,91,101,1,0,47,0,0,0,3,0,0,26,2,275,13,0,0,1,0,0,0,0,1,1,83,7,16,0,0,0,0
Odisha,Nayagarh,3,16,0,0,1,0,42,68,0,0,13,0,0,0,0,0,0,18,2,157,1,118,0,0,0,0,0,0,11,0,32,26,0,0,0,0,0
Odisha,Nuapada,0,0,0,0,0,0,26,51,0,0,0,0,0,0,0,0,0,3,0,123,9,0,0,0,0,0,0,0,2,3,18,5,0,0,0,0,0
Odisha,Puri,0,20,0,0,0,0,123,177,0,0,0,0,0,0,0,0,0,53,9,1027,44,0,0,0,0,0,2,0,9,10,54,16,0,0,0,0,0
Odisha,Rayagada,1,3,3,1,0,0,93,76,0,0,9,0,0,3,3,0,0,22,2,182,30,38,0,0,0,0,0,0,3,3,66,9,0,0,0,0,0
Odisha,Sambalpur,1,5,0,0,0,0,136,76,0,0,0,0,0,0,2,0,0,31,3,434,19,0,0,0,0,0,1,0,3,7,46,17,0,0,0,0,0
Odisha,Sundargarh,0,0,2,1,0,0,98,57,0,2,0,0,0,2,0,0,0,28,2,195,2,0,0,0,0,0,0,0,1,7,54,14,0,0,0,0,0
Puducherry,Karaikal,0,0,0,0,0,0,0,0,0,0,0,0,0,0,0,0,0,0,0,0,0,0,0,0,0,0,0,0,0,0,0,0,0,0,0,0,0
Punjab,Amritsar ,0,2,0,0,0,0,37,0,0,0,69,0,0,3,0,0,0,19,5,46,1,0,0,0,0,0,0,0,0,0,22,7,0,0,0,0,0
Punjab,Barnala,0,3,9,1,0,0,15,0,0,0,31,0,0,1,0,0,0,8,1,17,0,0,0,0,0,0,4,0,0,0,13,2,0,0,0,0,0
Punjab,Bathinda,1,3,12,0,0,0,46,4,0,0,39,0,0,0,0,0,0,33,0,34,1,0,0,0,0,0,0,0,0,0,33,6,0,0,0,0,0
Punjab,Faridkot,0,1,5,0,0,0,12,0,0,0,38,0,0,0,0,0,0,10,4,21,0,0,0,0,0,0,0,0,0,0,11,4,0,0,0,0,0
Punjab,Fatehgarh Sahib,0,1,7,0,0,0,41,0,0,0,24,0,0,0,0,0,0,9,0,14,1,2,0,0,0,0,0,0,0,0,11,3,0,0,0,0,0
Punjab,Ferozepur,0,3,0,0,0,0,21,0,0,0,33,0,0,0,0,0,0,16,2,21,0,0,0,0,0,0,0,0,0,0,19,6,0,0,0,0,0
Punjab,Gurdaspur,0,2,4,0,0,0,52,0,0,0,31,0,0,2,0,0,0,10,1,14,0,0,0,0,0,0,0,0,0,0,10,1,0,0,0,0,0
Punjab,Hoshiarpur,1,2,15,1,0,0,97,2,0,0,40,0,0,4,0,0,0,21,0,31,3,0,0,0,0,0,0,0,0,0,18,4,0,0,0,0,0
Punjab,Jalandhar ,1,0,8,0,0,0,33,0,0,0,32,0,0,2,1,0,0,16,1,37,0,0,1,0,0,0,0,0,0,0,20,5,0,0,0,0,0
Punjab,Kapurthala,0,1,5,0,0,0,20,0,0,0,68,0,0,0,0,0,0,13,5,21,3,0,0,0,0,0,0,0,2,4,22,4,0,0,0,0,0
Punjab,Ludhiana ,0,4,3,2,0,0,10,0,0,0,31,0,0,1,0,0,0,7,0,12,0,0,0,0,0,0,0,0,1,0,14,0,0,4,0,0,0
Punjab,Mansa,0,3,8,0,0,0,17,0,0,0,31,0,0,0,0,0,0,17,1,9,5,0,0,0,0,0,3,0,0,0,26,5,0,0,1,0,0
Punjab,Moga,1,1,4,0,0,0,16,1,0,0,22,0,0,1,0,0,0,9,0,19,0,0,0,0,0,0,0,0,6,1,11,3,0,0,0,0,0
Punjab,Muktsar,0,2,10,3,0,0,23,1,1,0,43,0,0,1,0,0,0,21,4,31,5,2,0,0,0,0,0,0,0,0,14,9,0,0,0,0,0
Punjab,Patiala,0,6,20,0,1,1,112,0,0,0,77,0,0,5,1,0,0,19,6,46,0,0,0,0,1,0,0,0,2,0,32,11,0,0,0,0,0
Punjab,Sangrur,0,2,0,0,1,0,58,0,0,0,63,0,0,0,0,0,0,62,2,69,4,1,0,0,0,0,0,0,0,0,0,0,0,0,0,0,0
Punjab,Tarn Taran,0,4,7,0,0,0,22,0,0,0,32,0,0,0,0,0,0,14,2,23,0,0,0,0,0,0,0,0,6,0,22,7,0,0,0,0,0
Rajasthan,Ajmer,1,13,13,0,0,0,724,180,0,0,45,0,0,8,0,0,0,208,52,589,29,0,1,0,0,0,1,0,2,2,0,1,0,0,0,0,0
Rajasthan,Alwar,0,21,1,0,0,0,464,44,0,0,46,0,0,24,0,0,0,216,104,354,0,0,1,0,0,0,5,0,0,0,0,0,0,0,0,0,0
Rajasthan,Banswara,0,11,9,0,0,0,156,12,0,0,89,0,0,14,0,0,0,93,6,140,1,0,0,0,0,0,0,0,0,0,0,0,0,0,2,0,0
Rajasthan,Baran,0,4,10,0,0,0,268,104,0,1,37,0,0,2,0,0,0,121,12,337,5,0,0,0,0,0,2,0,0,0,0,0,0,0,0,0,0
Rajasthan,Barmer,1,24,4,0,0,0,370,3,0,0,84,0,0,3,0,0,0,227,70,414,0,0,0,0,0,0,2,0,2,0,0,0,0,0,0,0,0
Rajasthan,Bharatpur,0,41,2,0,0,0,771,39,0,3,22,0,0,70,0,0,0,260,153,85,0,0,0,0,0,0,0,0,0,0,0,0,0,0,110,1,0
Rajasthan,Bhilwara,0,12,12,0,0,0,551,32,0,0,32,2,0,123,0,0,0,173,23,392,1,0,1,0,0,0,2,0,0,0,0,0,0,0,0,0,0
Rajasthan,Bikaner,0,15,8,0,0,0,431,33,0,0,28,0,0,15,0,0,0,166,26,211,5,0,0,0,0,0,0,0,0,0,0,0,0,0,17,0,0
Rajasthan,Bundi,0,3,1,0,0,0,244,31,0,0,8,0,0,87,0,0,0,103,6,242,0,0,0,0,0,0,1,0,0,0,0,0,2,0,12,0,0
Rajasthan,Churu,0,12,6,0,0,0,377,7,0,0,9,0,0,68,0,0,0,140,17,92,1,0,1,0,0,0,0,0,0,0,0,0,0,0,0,0,0
Rajasthan,Dausa,0,15,1,0,0,0,225,1,0,0,6,0,0,89,0,0,0,114,20,53,0,0,0,0,0,0,2,0,0,0,0,0,1,3,0,0,0
Rajasthan,Dungarpur,0,3,2,0,0,0,108,0,0,0,186,0,0,1,0,0,0,97,6,129,0,0,0,0,0,0,2,0,0,0,0,0,0,0,0,0,0
Rajasthan,Hanumangarh,2,18,4,0,0,0,522,45,0,0,4,0,0,38,0,0,0,172,29,204,2,0,0,0,0,0,0,0,0,0,0,0,0,0,0,0,0
Rajasthan,Jaisalmer,0,6,0,0,0,0,66,13,0,0,8,0,0,2,0,0,0,27,4,121,0,0,0,0,2,0,0,0,0,0,0,0,0,0,0,0,0
Rajasthan,Jhalawar,1,6,10,0,0,0,439,126,0,0,37,0,0,8,0,0,0,158,14,347,4,2,1,0,0,0,0,0,0,0,0,0,0,0,0,0,0
Rajasthan,Karauli,0,22,1,0,0,0,195,18,0,0,37,0,0,36,0,0,0,116,47,142,0,0,0,0,0,0,1,0,4,0,0,0,0,0,0,0,0
Rajasthan,Nagaur,1,17,7,0,0,0,494,67,0,0,23,0,0,15,1,0,0,149,33,260,2,0,1,0,0,0,0,0,0,0,0,0,0,0,0,0,0
Rajasthan,Pali,0,8,7,0,0,0,510,35,0,0,38,0,0,71,1,0,0,137,6,419,0,0,0,0,0,0,0,0,0,0,0,0,0,0,0,0,0
Rajasthan,Pratapgarh,1,3,7,0,0,0,209,73,0,0,61,0,0,0,0,0,0,133,15,146,0,0,0,0,0,0,0,0,0,0,0,0,0,0,4,0,0
Rajasthan,Rajsamand,0,6,3,0,0,0,242,85,0,0,13,0,0,25,0,0,0,73,14,193,0,0,0,0,0,0,0,0,0,0,0,0,0,0,0,0,0
Rajasthan,Sawai Madhopur,0,13,2,0,0,0,224,7,1,0,47,0,0,18,0,0,0,113,24,256,0,0,0,0,0,2,0,0,4,0,0,0,0,0,0,0,0
Rajasthan,Sikar,1,11,1,0,1,0,518,59,1,0,22,0,0,73,0,0,0,129,25,176,2,0,0,0,0,0,0,0,0,0,0,0,0,0,0,0,0
Rajasthan,Sirohi,0,3,2,0,0,0,240,18,0,0,17,0,0,11,0,0,0,96,20,169,0,0,0,0,0,0,1,0,0,0,0,0,0,13,0,0,0
Rajasthan,Tonk,0,5,1,0,0,0,265,65,0,0,6,0,0,34,0,0,0,104,26,145,1,0,2,0,0,0,0,0,0,0,0,0,0,0,0,0,0
Rajasthan,Udaipur,0,10,14,0,0,0,402,214,0,0,57,0,0,12,0,0,0,228,12,287,3,0,10,0,0,0,3,0,0,1,0,4,0,0,0,0,0
Sikkim,East,0,0,0,0,0,0,0,11,0,0,0,0,0,0,0,0,0,7,0,16,0,0,0,0,0,0,0,0,0,0,38,10,0,0,0,0,0
Sikkim,North,0,0,0,0,0,0,0,0,0,0,0,0,0,0,0,0,0,2,0,0,0,0,0,0,0,0,0,0,0,0,5,1,0,0,0,0,0
Sikkim,South,0,0,0,0,0,0,1,0,0,0,0,0,0,0,0,0,0,3,1,2,0,0,0,0,0,0,0,0,0,0,16,10,2,0,0,0,0
Sikkim,West,0,0,0,0,0,0,0,0,0,0,0,0,0,0,0,0,0,0,0,0,0,0,0,0,0,0,0,0,0,0,11,2,2,0,0,0,0
Tamil Nadu, Trichy,0,0,0,0,0,0,0,0,0,0,0,0,0,0,0,0,0,0,0,0,1,0,0,0,0,0,0,0,0,0,0,0,0,0,0,0,0
Tamil Nadu,Ariyalur,0,0,0,0,0,0,8,1,0,0,0,5,0,0,0,0,0,9,0,6,0,0,0,0,0,0,0,0,0,0,27,9,1,0,1,0,0
Tamil Nadu,Chennai,1,3,12,0,0,1,56,6,1,3,2,4,0,1,0,0,0,31,1,61,7,9,0,96,8,1,1,0,15,25,152,58,16,2,0,2,1
Tamil Nadu,Coimbatore,0,0,7,0,0,0,13,0,0,0,3,0,0,0,0,0,0,7,0,4,0,0,0,0,0,0,16,0,6,0,43,21,0,0,0,0,0
Tamil Nadu,Cuddalore,0,18,29,0,0,0,46,0,0,0,17,22,0,0,0,0,0,32,0,23,0,0,0,0,0,0,0,0,0,0,79,23,5,0,0,0,0
Tamil Nadu,Dharmapuri,0,0,5,0,0,0,10,8,0,0,6,0,0,1,0,0,0,4,0,12,0,0,0,0,0,0,1,0,1,0,58,7,2,1,0,0,0
Tamil Nadu,Dindigul,0,0,7,0,0,0,27,2,0,0,2,4,0,1,0,0,0,8,0,30,0,0,1,0,0,0,17,0,4,0,80,23,2,3,0,0,0
Tamil Nadu,Erode,0,0,2,0,0,0,5,4,0,0,17,2,0,2,0,0,0,6,0,22,0,4,4,0,0,0,0,0,0,0,48,36,0,0,0,0,0
Tamil Nadu,Kanchipuram,0,0,6,0,0,0,3,0,0,0,4,0,0,0,0,0,0,5,0,1,0,0,0,2,0,0,0,0,0,0,32,5,1,3,0,0,0
Tamil Nadu,Kanyakumari,0,1,0,0,0,0,3,0,0,0,28,0,0,0,0,0,0,11,0,10,0,48,0,0,0,0,0,0,13,0,59,25,13,2,0,0,0
Tamil Nadu,Karur,0,1,8,0,0,0,10,0,0,0,5,0,0,0,0,0,0,4,0,20,0,3,0,0,0,0,4,0,0,0,22,6,2,0,0,0,0
Tamil Nadu,Krishnagiri,0,0,5,0,0,0,5,0,0,0,12,0,0,0,0,0,0,4,0,14,0,0,0,0,0,0,3,0,0,0,40,6,1,1,0,0,0
Tamil Nadu,Madurai,0,1,3,0,0,0,25,1,0,1,10,0,0,0,0,0,0,17,3,26,0,4,0,0,0,0,0,0,3,0,70,39,6,4,1,0,0
Tamil Nadu,Nagapattinam,0,0,0,0,0,0,5,0,0,0,11,0,0,0,0,0,0,14,0,48,0,0,0,0,0,0,0,0,0,0,46,20,0,0,0,0,0
Tamil Nadu,Namakkal,0,0,5,0,0,0,7,0,0,0,11,0,0,0,0,0,0,2,0,26,0,5,0,0,0,0,2,0,1,0,54,5,8,0,0,0,0
Tamil Nadu,Nilgiris,0,0,4,0,0,0,1,1,0,0,0,0,0,0,0,0,0,7,0,11,1,0,0,0,0,0,0,0,0,0,45,0,0,0,17,0,1
Tamil Nadu,Perambalur,0,1,5,0,0,0,1,0,0,0,0,1,0,0,0,0,0,3,0,12,0,1,0,0,0,0,0,0,0,0,30,6,0,0,0,0,0
Tamil Nadu,Pudukottai,1,1,5,0,0,0,19,0,0,0,14,0,0,0,0,0,0,7,0,51,1,5,0,0,0,0,0,0,66,0,24,16,2,0,0,0,0
Tamil Nadu,Ramnathapuram,0,0,0,0,0,0,9,0,0,0,16,0,0,0,0,0,0,15,0,23,0,17,0,0,0,0,0,0,5,0,51,30,9,2,0,0,0
Tamil Nadu,Salem,0,1,10,0,0,0,4,0,0,0,33,0,0,0,0,0,0,6,0,69,0,0,2,0,0,0,0,0,0,0,72,16,0,0,0,0,0
Tamil Nadu,Sivagangai,0,0,9,0,0,0,24,6,0,0,14,8,0,0,0,0,0,9,0,24,0,0,0,1,0,0,0,0,0,0,49,9,2,2,0,0,0
Tamil Nadu,Thanjavur,0,2,14,0,0,0,21,0,0,0,11,0,0,0,0,0,0,3,1,84,2,7,0,0,0,0,0,0,3,8,41,8,1,0,4,0,0
Tamil Nadu,Theni,0,3,5,0,0,0,15,0,0,0,1,0,0,0,0,0,0,5,0,10,0,0,2,3,0,0,0,0,0,1,59,17,13,1,0,0,0
Tamil Nadu,Thirunelveli,0,0,4,0,0,0,12,1,0,0,2,0,0,0,1,0,0,8,4,44,0,2,0,0,0,0,3,0,0,4,51,8,9,5,2,0,0
Tamil Nadu,Thiruvallur,1,1,12,0,0,0,11,0,0,0,3,0,0,0,0,0,0,8,0,8,0,1,0,0,0,0,0,0,0,0,56,4,12,1,1,0,0
Tamil Nadu,Thiruvannamalai,0,1,21,0,0,0,10,2,0,0,12,16,0,0,0,0,0,16,3,10,0,6,0,0,0,0,0,0,0,0,64,6,4,1,1,0,0
Tamil Nadu,Thiruvarur,0,0,0,0,0,0,9,0,0,0,43,14,0,0,0,0,0,10,1,26,4,0,1,0,0,0,0,0,3,1,46,8,7,0,0,0,0
Tamil Nadu,Thoothukudi,0,0,7,0,0,0,43,0,0,0,10,0,0,0,0,0,0,10,0,17,1,2,6,0,0,0,0,0,1,0,90,23,8,2,0,0,0
Tamil Nadu,Tiruppur,0,0,8,0,0,0,7,0,0,0,1,0,0,2,0,0,0,4,0,17,0,3,0,0,0,0,0,0,7,0,39,19,0,0,0,0,0
Tamil Nadu,Vellore,0,0,6,0,0,0,7,0,0,0,14,0,0,0,1,0,0,5,0,7,2,0,0,0,0,0,1,0,0,0,48,12,0,0,0,0,0
Tamil Nadu,Villupuram,0,2,12,0,0,0,10,0,0,0,58,5,0,5,0,0,0,21,0,35,0,4,0,0,0,0,9,0,1,1,81,8,5,0,0,0,0
Tamil Nadu,Virudhunagar,0,1,6,0,0,0,14,2,0,0,5,0,0,1,0,0,0,13,0,12,0,11,0,0,0,0,0,0,9,0,54,4,4,0,1,0,0
Tripura,Dhalai,0,0,0,0,0,0,12,2,0,0,2,1,0,1,0,0,0,9,2,11,0,0,0,0,0,0,0,0,0,0,9,4,0,0,0,0,0
Tripura,North,0,1,2,0,0,0,33,3,0,0,4,0,0,0,0,0,0,9,3,6,0,0,0,0,0,0,0,0,0,0,9,5,0,0,0,0,0
Tripura,South,0,2,5,1,1,0,56,6,0,0,9,1,0,0,0,0,0,7,6,11,0,0,0,0,0,0,0,0,0,0,7,5,0,0,0,0,0
Tripura,West,0,8,10,0,1,0,105,7,0,0,13,6,0,1,0,0,0,18,2,39,2,0,0,0,0,0,0,0,0,0,14,17,1,0,0,0,0
Uttar Pradesh,Agra,1,75,2,8,1,0,240,21,0,0,161,0,0,0,2,0,0,80,12,202,0,0,0,0,0,0,5,0,0,0,63,144,0,0,0,0,0
Uttar Pradesh,Aligarh,3,50,13,0,1,0,692,32,0,0,148,0,0,0,0,0,0,74,1,374,0,2,0,0,0,0,0,0,0,0,62,148,0,0,0,0,0
Uttar Pradesh,Ambedkar Nagar,0,15,0,0,0,0,129,100,0,0,0,0,0,0,0,0,0,22,0,122,0,21,0,0,0,0,0,0,0,0,49,0,0,0,0,0,0
Uttar Pradesh,Auraiya,0,30,0,0,0,0,143,0,0,0,100,0,0,0,0,0,0,28,0,82,0,10,0,0,0,0,0,0,1,0,23,42,0,0,0,0,0
Uttar Pradesh,Azamgarh,0,30,0,0,0,0,130,48,0,0,86,0,0,0,0,0,0,24,0,191,0,130,0,0,0,0,0,0,8,0,48,67,0,0,0,0,0
Uttar Pradesh,Baghpat,0,17,0,0,0,0,81,0,0,0,162,0,0,0,0,0,0,29,12,51,0,0,0,0,0,0,0,0,0,0,9,37,1,0,2,0,0
Uttar Pradesh,Bahraich,0,69,0,0,1,0,19,83,0,0,0,0,0,0,0,0,0,39,7,156,0,430,0,0,0,0,0,0,0,0,27,87,0,0,0,0,0
Uttar Pradesh,Ballia,0,23,8,0,0,0,4,12,0,0,90,0,0,0,0,0,0,16,0,58,0,83,0,0,0,0,0,0,6,0,23,39,0,8,0,0,0
Uttar Pradesh,Balrampur,0,25,3,0,0,0,11,0,0,0,119,0,0,0,0,0,0,8,0,51,0,86,0,0,0,0,0,0,0,0,14,32,0,0,0,0,0
Uttar Pradesh,Banda,0,50,7,2,0,1,114,1,0,0,74,0,0,0,0,0,0,36,1,83,0,4,0,0,0,0,0,0,3,0,35,81,0,0,0,0,0
Uttar Pradesh,Bareilly,0,54,0,0,0,0,640,36,0,0,21,0,0,0,0,0,0,30,0,236,0,0,0,0,0,0,0,0,0,0,59,103,2,0,3,0,0
Uttar Pradesh,Basti,0,17,3,0,0,0,0,0,0,0,0,0,0,0,0,0,0,32,0,100,0,118,0,0,0,0,0,0,0,0,19,47,1,0,0,0,0
Uttar Pradesh,Bijnor,0,28,0,14,0,1,234,0,0,0,25,0,0,0,0,0,0,43,0,124,0,326,0,0,0,0,0,0,0,0,53,43,3,1,9,0,0
Uttar Pradesh,Chitrakoot,0,10,4,0,0,0,31,0,0,0,17,0,0,0,0,0,0,35,0,61,0,0,0,0,0,0,0,0,0,0,27,28,0,0,0,0,0
Uttar Pradesh,Deoria,0,20,0,0,0,0,21,0,0,0,0,0,0,0,0,0,0,9,0,12,0,0,0,0,0,0,0,0,0,0,20,6,0,0,0,0,0
Uttar Pradesh,Etah,0,33,0,0,0,0,106,0,0,0,70,0,0,0,0,0,0,11,0,126,0,0,0,0,0,0,0,0,1,2,32,20,0,0,0,0,0
Uttar Pradesh,Etawah,0,28,0,0,0,0,87,18,0,0,49,0,0,0,0,0,0,10,0,51,0,0,0,0,0,0,0,0,0,0,12,39,2,0,0,0,0
Uttar Pradesh,Fatehpur,0,47,1,0,0,0,177,0,0,0,61,0,0,0,0,0,0,78,0,155,0,0,0,0,0,0,0,0,0,0,29,66,0,0,0,0,0
Uttar Pradesh,Firozabad,0,48,14,11,1,0,265,0,0,0,249,0,0,0,0,0,0,18,11,208,0,2,0,0,0,0,0,0,0,0,23,63,0,0,0,0,0
Uttar Pradesh,Ghaziabad,1,27,10,0,1,0,184,2,1,0,103,0,0,1,0,0,0,25,1,124,0,1,0,0,0,0,1,0,0,0,36,71,1,0,2,0,0
Uttar Pradesh,Ghazipur,0,27,8,4,1,0,170,0,0,0,92,0,0,0,0,0,0,31,0,218,0,0,0,0,0,0,0,0,0,0,46,92,0,0,6,1,0
Uttar Pradesh,Gonda,0,30,5,0,1,0,31,42,0,0,50,0,0,0,0,0,0,26,2,81,0,230,0,0,0,0,0,0,1,0,33,69,1,0,0,0,0
Uttar Pradesh,Gorakhpur,0,43,10,0,0,1,0,0,0,0,223,0,0,0,0,0,0,82,0,242,0,295,0,0,0,0,0,0,0,0,0,0,0,0,0,0,0
Uttar Pradesh,Hamirpur,0,20,11,0,0,0,56,0,0,0,46,0,0,0,0,0,0,15,1,75,0,0,0,0,0,0,0,0,0,0,18,68,0,0,0,0,0
Uttar Pradesh,Hardoi,0,60,3,0,0,0,200,71,6,0,59,0,0,0,0,0,0,56,0,159,0,4,0,0,0,0,0,0,0,0,0,0,0,0,0,0,0
Uttar Pradesh,Jaunpur,2,34,11,0,0,0,138,0,0,0,113,0,0,0,0,0,0,20,0,82,0,5,0,0,0,0,0,0,11,0,50,43,0,0,1,0,0
Uttar Pradesh,Jhansi,0,31,17,0,0,0,260,0,0,0,84,0,0,0,0,0,0,42,0,145,0,0,0,0,0,0,0,0,4,0,28,38,6,0,0,0,0
Uttar Pradesh,Kannauj,0,25,13,0,0,0,155,76,0,0,46,0,0,0,0,0,0,13,0,100,0,0,0,0,0,0,0,0,0,0,27,45,0,0,0,0,0
Uttar Pradesh,Kanpur Dehat,0,31,8,0,0,0,365,0,0,0,169,0,0,0,0,0,0,9,0,72,2,1,0,0,0,0,0,0,0,0,29,59,0,0,0,0,0
Uttar Pradesh,Kanpur Nagar,0,50,0,0,0,0,700,0,0,0,209,0,0,0,0,0,0,64,6,289,2,0,9,0,0,0,0,0,0,0,94,112,2,0,0,0,0
Uttar Pradesh,Kaushambi,1,22,0,0,0,0,71,0,0,0,121,0,0,0,0,0,0,7,0,95,0,0,0,0,0,0,0,0,0,0,20,40,0,0,0,0,0
Uttar Pradesh,Lalitpur,0,8,3,0,0,0,14,0,0,0,9,0,0,0,0,0,0,3,8,36,0,0,0,0,0,0,0,0,0,0,8,21,0,0,0,0,0
Uttar Pradesh,Mahoba,0,12,6,0,0,0,19,14,0,0,39,0,0,0,0,0,0,15,0,47,1,2,0,0,0,0,0,0,1,0,21,30,0,0,0,0,0
Uttar Pradesh,Mainpuri,1,49,12,1,0,0,144,43,0,0,97,0,0,0,0,0,0,19,4,104,0,6,0,0,0,0,0,0,0,0,30,64,0,0,0,0,0
Uttar Pradesh,Mathura,0,29,0,0,2,0,387,3,0,0,125,1,0,0,0,0,0,64,2,338,0,0,0,0,0,0,0,0,0,0,57,112,4,0,0,0,0
Uttar Pradesh,Mau,0,13,0,0,0,0,38,0,0,0,84,0,0,0,0,0,0,28,0,92,0,186,0,0,0,0,0,0,0,0,40,37,2,0,1,0,0
Uttar Pradesh,Meerut,0,37,0,0,1,0,300,0,0,0,79,0,0,0,0,0,0,59,82,150,3,0,0,0,0,0,0,0,0,0,25,49,0,0,0,0,0
Uttar Pradesh,Mirzapur,0,12,12,0,0,0,100,0,0,0,42,0,0,0,0,0,0,10,0,47,0,0,0,0,0,0,0,0,0,0,31,33,0,0,0,0,0
Uttar Pradesh,Moradabad,0,29,1,0,0,0,480,0,0,0,125,0,0,0,0,0,0,89,12,221,0,0,0,0,0,0,0,0,14,0,54,81,3,0,2,0,0
Uttar Pradesh,Muzaffarnagar,0,27,0,0,1,0,217,0,0,0,55,0,0,0,0,0,0,48,7,34,0,0,0,0,0,0,0,0,0,0,21,43,1,0,0,0,0
Uttar Pradesh,Pilibhit,1,31,10,0,0,0,155,0,0,0,191,0,0,0,0,0,0,82,1,110,1,8,0,0,0,0,0,0,5,0,30,52,0,0,2,0,0
Uttar Pradesh,Pratapgarh,5,32,2,19,0,0,309,0,0,4,195,0,0,0,0,0,0,40,5,240,0,32,0,0,0,0,0,0,134,0,0,0,0,0,0,0,0
Uttar Pradesh,Rampur,1,27,3,0,3,0,0,0,0,0,80,0,0,0,0,0,0,29,3,50,0,156,0,0,0,0,0,0,4,0,32,33,1,0,1,0,0
Uttar Pradesh,Saharanpur,0,27,4,0,0,0,324,0,0,0,96,0,0,0,0,0,0,45,0,145,0,0,0,0,0,0,0,0,4,0,56,56,1,0,4,0,0
Uttar Pradesh,Shahjahanpur,0,62,4,4,0,0,333,0,0,0,151,0,0,0,0,0,0,34,2,169,0,0,0,0,0,0,0,0,0,0,36,73,1,0,0,0,0
Uttar Pradesh,Shrawasti,0,16,3,0,0,0,12,19,0,0,62,0,0,0,0,0,0,10,0,51,0,76,0,0,0,0,0,0,0,0,7,25,0,0,0,0,0
Uttar Pradesh,Sitapur,0,61,0,0,1,0,373,0,0,0,242,0,0,0,0,0,0,102,0,195,0,0,0,0,0,0,0,0,0,0,65,168,0,0,0,0,0
Uttar Pradesh,Sonbhadra,0,15,0,0,0,0,66,0,0,0,36,0,0,0,0,0,0,28,0,28,0,0,0,0,0,0,0,0,0,0,62,0,40,0,0,0,0
Uttar Pradesh,Sultanpur,0,17,9,0,0,0,40,15,0,0,118,0,0,0,0,0,0,56,2,144,0,142,0,0,0,0,0,0,1,10,18,49,2,0,0,0,0
Uttar Pradesh,Unnao,1,29,11,2,0,0,247,31,12,0,198,0,0,0,0,0,0,36,0,186,0,0,0,0,0,0,0,0,1,1,52,106,0,0,0,0,0
Uttar Pradesh,Varanasi,0,28,7,0,0,0,492,0,0,0,178,0,0,0,0,0,0,62,20,159,8,0,0,0,0,0,5,0,0,0,55,63,1,3,2,0,0
Uttar Pradesh,Lucknow,0,6,0,0,0,0,96,1,0,0,0,0,0,0,0,0,0,12,0,65,0,0,0,0,0,0,0,0,1,0,17,13,0,0,0,0,0
Uttarakhand,Bageshwar,0,1,0,0,0,0,3,0,0,0,0,0,0,10,0,0,0,9,0,11,11,0,0,0,0,0,0,0,1,0,13,0,0,0,0,0,0
Uttarakhand,Chamoli,0,0,0,0,0,0,1,0,0,0,0,0,0,0,0,0,0,7,0,6,0,0,0,0,0,0,0,0,2,0,0,2,0,0,0,0,0
Uttarakhand,Champawat,0,1,0,0,0,0,2,0,0,0,1,0,0,0,1,0,0,4,0,6,0,0,0,0,0,0,0,0,0,0,7,1,0,0,0,0,0
Uttarakhand,Dehradun,0,8,0,0,0,0,162,0,0,0,41,0,0,15,3,0,0,55,0,90,1,129,5,0,0,0,0,0,7,4,71,47,3,0,0,0,0
Uttarakhand,Nainital,0,6,7,0,0,0,96,6,0,1,17,0,0,52,0,0,0,52,11,53,0,11,0,0,0,0,0,0,9,0,50,13,0,0,0,0,0
Uttarakhand,Pithoragarh,0,1,0,0,0,0,2,0,0,0,0,0,0,0,0,0,0,7,0,16,16,0,0,0,0,0,0,0,2,0,14,0,0,0,0,0,0
Uttarakhand,Tehri Garhwal,0,3,0,0,0,0,5,1,0,0,0,0,0,10,1,0,0,5,1,0,0,0,0,0,0,0,0,0,2,0,13,0,0,0,0,0,0
Uttarakhand,Uttarkashi,0,1,0,0,0,0,4,0,0,0,0,0,0,2,0,0,0,15,0,8,0,0,0,0,0,0,0,0,0,0,10,0,0,0,0,0,0
West Bengal,Bankura,0,25,20,0,0,0,223,36,0,0,18,0,0,51,0,0,0,18,6,54,25,0,0,0,0,0,0,0,0,6,31,6,3,0,0,0,0
West Bengal,Birbhum,0,11,22,0,4,0,259,138,0,0,17,0,0,1,0,0,0,31,16,38,1,0,0,0,0,0,0,0,0,1,47,29,8,0,1,0,0
West Bengal,Dakshin Dinajpur,0,11,8,0,0,0,98,76,0,0,1,0,0,140,0,0,0,12,25,26,5,0,0,0,0,0,2,0,0,0,21,4,3,0,0,0,0
West Bengal,Darjeeling,0,1,2,0,0,0,116,50,0,0,0,0,0,8,0,0,0,17,6,57,3,0,0,0,0,0,0,0,0,0,27,15,0,0,0,0,0
West Bengal,Howrah ,1,5,6,0,1,1,462,184,0,0,1,1,0,4,0,0,0,20,5,9,0,0,0,0,0,0,0,0,0,0,41,19,16,0,0,0,0
West Bengal,Jalpaiguri,1,15,3,0,0,0,183,22,0,0,0,0,0,170,1,0,0,35,40,34,0,0,0,0,0,0,0,0,0,0,64,19,11,0,3,0,0
West Bengal,Kolkata,0,9,18,0,1,0,931,184,0,0,6,15,0,18,1,0,0,11,0,304,282,0,0,0,0,0,20,0,3,0,97,69,31,1,0,0,0
West Bengal,Malda,2,19,33,9,0,1,475,505,0,0,1,0,0,5,0,0,0,126,87,50,1,0,0,0,0,0,0,0,1,0,106,53,4,0,1,0,0
West Bengal,Murshidabad,0,36,25,10,3,0,1510,475,2,0,48,3,0,22,3,0,0,136,135,85,6,0,0,0,0,0,1,0,0,0,129,44,19,1,3,0,0
West Bengal,Paschim Medinipur,0,13,22,0,0,0,927,0,0,0,57,0,0,0,0,0,0,22,14,302,12,0,0,0,0,0,0,0,0,0,57,28,0,0,0,0,0
West Bengal,Purba Bardhaman,0,21,33,0,2,0,1171,284,0,0,24,0,0,25,0,0,0,24,40,124,16,0,0,0,0,0,0,0,3,0,31,42,10,0,0,0,0
West Bengal,Purulia,0,6,8,0,0,0,192,56,0,0,6,1,0,1,1,0,0,9,13,48,2,0,0,0,0,0,1,0,0,0,33,13,1,0,1,0,0
